storm,time,sensor,truth,pred,fold
200501B,2005-01-09 01:00:00,gridsat,23.25,29.7945556640625,1
200501B,2005-01-09 07:00:00,gridsat,23.25,29.8083553314209,1
200501B,2005-01-09 11:30:00,gridsat,23.25,33.765174865722656,1
200501B,2005-01-09 18:00:00,gridsat,23.25,26.965578079223633,1
200501B,2005-01-10 00:00:00,gridsat,23.25,25.02840805053711,1
200501B,2005-01-10 05:30:00,gridsat,18.878999999965743,26.425132751464844,1
200502B,2005-01-14 21:30:00,gridsat,32.550000000000004,32.396785736083984,2
200502B,2005-01-15 02:00:00,gridsat,34.10909090911577,28.827085494995117,2
200502B,2005-01-15 15:00:00,gridsat,35.0,28.7157039642334,2
200502B,2005-01-15 21:00:00,gridsat,35.0,27.473228454589844,2
200502B,2005-01-16 03:00:00,gridsat,35.0,26.575950622558594,2
200502B,2005-01-16 15:00:00,gridsat,35.0,25.797252655029297,2
200502B,2005-01-16 20:30:00,gridsat,35.0,29.093053817749023,2
200502B,2005-01-17 03:00:00,gridsat,30.0,32.02125549316406,2
200502B,2005-01-17 08:30:00,gridsat,25.909090909141646,28.180570602416992,2
200505B,2005-11-28 02:00:00,gridsat,27.264999999984557,48.00965881347656,3
200505B,2005-11-28 09:00:00,gridsat,30.0,37.11003875732422,3
200505B,2005-11-28 15:00:00,gridsat,30.0,41.163509368896484,3
200505B,2005-11-28 20:00:00,gridsat,35.0,38.98328399658203,3
200505B,2005-11-29 09:00:00,gridsat,45.0,31.003252029418945,3
200505B,2005-11-29 15:00:00,gridsat,45.0,29.71859359741211,3
200505B,2005-11-29 21:00:00,gridsat,45.0,22.8369140625,3
200505B,2005-11-30 02:00:00,gridsat,45.0,24.327022552490234,3
200505B,2005-11-30 09:00:00,gridsat,35.0,29.0264949798584,3
200505B,2005-11-30 14:30:00,gridsat,35.0,25.45343017578125,3
200505B,2005-11-30 22:00:00,gridsat,35.0,25.2334041595459,3
200505B,2005-12-01 09:00:00,gridsat,35.0,30.85788917541504,3
200505B,2005-12-01 15:00:00,gridsat,30.0,29.7169246673584,3
200505B,2005-12-01 21:00:00,gridsat,30.0,25.101572036743164,3
200505B,2005-12-02 03:00:00,gridsat,25.0,27.019054412841797,3
200505B,2005-12-02 09:00:00,gridsat,27.9,25.83729362487793,3
200505B,2005-12-02 15:00:00,gridsat,27.9,23.881155014038086,3
200506B,2005-12-06 06:00:00,gridsat,25.0,36.857086181640625,0
200506B,2005-12-06 18:00:00,gridsat,30.0,40.386722564697266,0
200506B,2005-12-07 01:00:00,gridsat,31.81818181813108,34.30480194091797,0
200506B,2005-12-10 06:00:00,gridsat,41.85,28.459260940551758,0
200506B,2005-12-10 12:00:00,gridsat,30.0,28.203500747680664,0
200506B,2005-12-10 18:00:00,gridsat,27.9,29.161340713500977,0
200506B,2005-12-11 05:00:00,gridsat,24.08699999999429,27.596986770629883,0
200507B,2005-12-17 06:00:00,gridsat,30.0,32.58475112915039,1
200507B,2005-12-17 12:00:00,gridsat,30.0,28.386993408203125,1
200507B,2005-12-17 18:00:00,gridsat,30.0,33.73295593261719,1
200507B,2005-12-18 06:00:00,gridsat,30.0,36.52101135253906,1
200507B,2005-12-18 12:00:00,gridsat,30.0,26.833263397216797,1
200507B,2005-12-19 07:00:00,gridsat,30.0,34.71030044555664,1
200507B,2005-12-19 11:00:00,gridsat,30.0,33.341156005859375,1
200507B,2005-12-19 18:00:00,gridsat,30.0,31.99885368347168,1
200507B,2005-12-20 00:00:00,gridsat,30.0,28.21786117553711,1
200507B,2005-12-20 06:00:00,gridsat,25.0,28.728479385375977,1
200507B,2005-12-20 12:00:00,gridsat,25.0,26.38551902770996,1
200507B,2005-12-20 18:00:00,gridsat,25.0,33.61570739746094,1
200507B,2005-12-20 23:00:00,gridsat,25.0,28.929731369018555,1
200507B,2005-12-21 06:00:00,gridsat,25.0,28.08774185180664,1
200507B,2005-12-21 13:00:00,gridsat,25.0,27.91221046447754,1
200507B,2005-12-21 18:00:00,gridsat,25.0,27.420564651489258,1
200507B,2005-12-22 00:00:00,gridsat,25.0,29.072216033935547,1
200507B,2005-12-22 06:00:00,gridsat,27.9,28.76327133178711,1
200507B,2005-12-22 12:00:00,gridsat,23.25,28.231853485107422,1
200601A,2006-01-14 06:00:00,gridsat,30.0,28.465200424194336,0
200601A,2006-01-14 12:00:00,gridsat,25.0,32.16297149658203,0
200601A,2006-01-14 17:00:00,gridsat,25.0,31.884044647216797,0
200602B,2006-04-25 09:00:00,gridsat,30.0,37.34517288208008,2
200602B,2006-04-25 21:00:00,gridsat,35.0,26.89862823486328,2
200602B,2006-04-26 09:00:00,gridsat,45.0,28.867504119873047,2
200602B,2006-04-26 20:00:00,gridsat,45.0,35.96709442138672,2
200602B,2006-04-27 04:00:00,gridsat,55.0,37.271949768066406,2
200602B,2006-04-27 15:00:00,gridsat,65.0,54.89889907836914,2
200602B,2006-04-27 21:00:00,gridsat,65.0,66.10215759277344,2
200603B,2006-07-03 00:00:00,gridsat,30.0,51.78184509277344,4
200603B,2006-07-03 04:30:00,gridsat,30.0,52.932613372802734,4
200604A,2006-09-21 15:00:00,gridsat,30.0,32.44695281982422,3
200604A,2006-09-22 09:00:00,gridsat,45.0,60.09210205078125,3
200604A,2006-09-22 15:00:00,gridsat,45.0,55.394935607910156,3
200604A,2006-09-23 09:00:00,gridsat,45.0,41.04017639160156,3
200604A,2006-09-23 15:00:00,gridsat,55.0,41.12820053100586,3
200604A,2006-09-23 21:00:00,gridsat,45.0,38.81451416015625,3
200604A,2006-09-24 03:00:00,gridsat,35.0,30.392305374145508,3
200605B,2006-09-29 03:00:00,gridsat,25.0,30.58273696899414,2
200701B,2007-05-14 07:00:00,gridsat,45.0,33.35509490966797,2
200702A,2007-06-02 06:00:00,gridsat,33.0,55.84690856933594,4
200702A,2007-06-02 16:30:00,gridsat,45.0,47.073081970214844,4
200702A,2007-06-03 00:30:00,gridsat,55.0,59.42966842651367,4
200702A,2007-06-03 19:00:00,gridsat,65.0,95.23161315917969,4
200702A,2007-06-04 00:00:00,gridsat,77.0,113.48603820800781,4
200702A,2007-06-04 06:00:00,gridsat,102.0,122.59480285644531,4
200702A,2007-06-04 12:00:00,gridsat,115.0,119.69322204589844,4
200702A,2007-06-04 18:00:00,gridsat,127.0,119.86126708984375,4
200702A,2007-06-05 00:00:00,gridsat,115.0,96.94255065917969,4
200702A,2007-06-05 06:00:00,gridsat,102.0,104.81251525878906,4
200702A,2007-06-06 07:00:00,gridsat,77.0,71.24111938476562,4
200702A,2007-06-06 18:00:00,gridsat,65.0,78.35587310791016,4
200702A,2007-06-07 00:00:00,gridsat,45.0,65.48959350585938,4
200702A,2007-06-07 06:00:00,gridsat,41.85,42.9830436706543,4
200702A,2007-06-07 12:00:00,gridsat,32.550000000000004,33.88761901855469,4
200703B,2007-06-21 15:00:00,gridsat,27.9,27.967355728149414,2
200703B,2007-06-21 20:30:00,gridsat,27.9,29.41280746459961,2
200703B,2007-06-22 03:00:00,gridsat,27.9,30.40188217163086,2
200703B,2007-06-22 09:00:00,gridsat,26.040000000000003,28.27422523498535,2
200703B,2007-06-25 09:00:00,gridsat,25.0,33.94099426269531,2
200703B,2007-06-25 15:00:00,gridsat,30.0,32.680419921875,2
200704B,2007-06-28 17:00:00,gridsat,40.58181818181032,55.188758850097656,4
200705A,2007-10-28 03:00:00,gridsat,37.2,30.651229858398438,0
200705A,2007-10-28 09:00:00,gridsat,37.2,34.236717224121094,0
200705A,2007-10-28 15:00:00,gridsat,37.2,32.58424377441406,0
200705A,2007-10-28 21:00:00,gridsat,37.2,32.84290313720703,0
200705A,2007-10-29 03:00:00,gridsat,37.2,29.526020050048828,0
200705A,2007-10-29 09:00:00,gridsat,35.34,31.647502899169922,0
200705A,2007-10-29 15:00:00,gridsat,32.550000000000004,37.841529846191406,0
200705A,2007-10-29 21:00:00,gridsat,30.69,30.685317993164062,0
200705A,2007-10-30 03:00:00,gridsat,26.040000000000003,33.238704681396484,0
200706B,2007-11-12 00:00:00,gridsat,30.0,49.684600830078125,3
200706B,2007-11-12 05:30:00,gridsat,39.09090909093446,55.0578498840332,3
200706B,2007-11-12 12:00:00,gridsat,55.0,90.64527893066406,3
200706B,2007-11-12 18:00:00,gridsat,65.0,99.36065673828125,3
200706B,2007-11-13 00:00:00,gridsat,90.0,99.81988525390625,3
200706B,2007-11-13 05:30:00,gridsat,90.0,72.0833740234375,3
200706B,2007-11-13 18:00:00,gridsat,90.0,108.52837371826172,3
200706B,2007-11-13 23:30:00,gridsat,90.0,92.06768035888672,3
200706B,2007-11-14 06:30:00,gridsat,90.0,94.00382995605469,3
200706B,2007-11-14 12:30:00,gridsat,90.0,101.8635025024414,3
200706B,2007-11-14 18:30:00,gridsat,105.0,107.33372497558594,3
200706B,2007-11-14 23:30:00,gridsat,105.0,110.3113021850586,3
200706B,2007-11-15 06:30:00,gridsat,115.0,113.94432067871094,3
200706B,2007-11-15 11:30:00,gridsat,115.0,91.95442962646484,3
200801B,2008-04-28 14:30:00,gridsat,55.0,58.62950134277344,0
200801B,2008-04-28 21:30:00,gridsat,55.0,62.772743225097656,0
200801B,2008-04-29 09:30:00,gridsat,65.0,41.452781677246094,0
200801B,2008-04-29 20:30:00,gridsat,65.0,36.300594329833984,0
200801B,2008-04-30 20:30:00,gridsat,65.0,76.72758483886719,0
200801B,2008-05-01 09:30:00,gridsat,65.0,67.66387939453125,0
200801B,2008-05-01 15:30:00,gridsat,65.0,97.12223052978516,0
200801B,2008-05-02 02:30:00,gridsat,77.0,68.87525939941406,0
200801B,2008-05-02 08:30:00,gridsat,90.0,88.8944091796875,0
200803B,2008-10-21 01:00:00,gridsat,28.472727272730825,46.38648986816406,1
200803B,2008-10-21 06:00:00,gridsat,30.0,27.350841522216797,1
200803B,2008-10-21 12:00:00,gridsat,30.0,41.808433532714844,1
200803B,2008-10-21 18:00:00,gridsat,27.9,29.093461990356445,1
200803B,2008-10-22 00:00:00,gridsat,27.9,23.928226470947266,1
200803B,2008-10-22 06:00:00,gridsat,25.0,20.832977294921875,1
200803B,2008-10-22 13:00:00,gridsat,26.054545454516028,27.394540786743164,1
200803B,2008-10-22 18:00:00,gridsat,27.9,27.509431838989258,1
200803B,2008-10-23 00:00:00,gridsat,23.25,31.34331703186035,1
200803B,2008-10-23 05:30:00,gridsat,23.25,43.75681686401367,1
200803B,2008-10-23 17:00:00,gridsat,23.25,33.193477630615234,1
200805B,2008-11-14 06:00:00,gridsat,30.0,32.456138610839844,0
200805B,2008-11-14 12:00:00,gridsat,35.0,34.826019287109375,0
200805B,2008-11-14 18:00:00,gridsat,35.0,34.54588317871094,0
200805B,2008-11-15 01:30:00,gridsat,37.72727272728964,30.64060401916504,0
200805B,2008-11-15 06:00:00,gridsat,30.0,29.595430374145508,0
200805B,2008-11-15 11:00:00,gridsat,30.0,36.63396453857422,0
200805B,2008-11-15 19:00:00,gridsat,30.0,40.31911087036133,0
200805B,2008-11-15 23:00:00,gridsat,30.0,31.378890991210938,0
200806B,2008-11-25 19:30:00,gridsat,30.0,41.280818939208984,3
200806B,2008-11-25 23:30:00,gridsat,30.0,33.36428451538086,3
200806B,2008-11-26 06:30:00,gridsat,40.90909090906554,32.693206787109375,3
200806B,2008-11-26 12:00:00,gridsat,45.0,53.650115966796875,3
200806B,2008-11-26 19:30:00,gridsat,45.0,32.091304779052734,3
200806B,2008-11-27 00:00:00,gridsat,45.0,28.103347778320312,3
200807B,2008-12-04 06:00:00,gridsat,25.0,31.015674591064453,0
200807B,2008-12-04 12:00:00,gridsat,25.0,29.537023544311523,0
200807B,2008-12-04 18:00:00,gridsat,25.0,34.63099670410156,0
200807B,2008-12-05 00:00:00,gridsat,30.0,36.036346435546875,0
200807B,2008-12-05 06:00:00,gridsat,30.0,31.539234161376953,0
200807B,2008-12-05 12:00:00,gridsat,30.0,27.32741928100586,0
200807B,2008-12-05 18:00:00,gridsat,30.0,27.84541893005371,0
200807B,2008-12-06 00:00:00,gridsat,30.0,27.19921875,0
200807B,2008-12-06 06:00:00,gridsat,30.0,29.46046257019043,0
200807B,2008-12-06 12:00:00,gridsat,30.0,28.402189254760742,0
200807B,2008-12-06 18:00:00,gridsat,30.0,29.480314254760742,0
200807B,2008-12-07 00:00:00,gridsat,25.0,27.13482093811035,0
200807B,2008-12-07 06:00:00,gridsat,25.0,27.156890869140625,0
200807B,2008-12-07 12:00:00,gridsat,25.0,27.51662254333496,0
200807B,2008-12-07 16:30:00,gridsat,23.25,30.12641143798828,0
200904A,2009-11-10 03:00:00,gridsat,30.0,30.20210075378418,1
200904A,2009-11-10 09:00:00,gridsat,33.0,27.66116714477539,1
200904A,2009-11-10 21:30:00,gridsat,45.0,65.16114044189453,1
200904A,2009-11-11 09:00:00,gridsat,30.0,45.61500930786133,1
200905B,2009-12-12 00:00:00,gridsat,45.0,34.87295913696289,2
200905B,2009-12-12 06:00:00,gridsat,45.0,30.641864776611328,2
200905B,2009-12-12 12:00:00,gridsat,35.0,29.774473190307617,2
200905B,2009-12-12 18:00:00,gridsat,30.0,29.77753448486328,2
200905B,2009-12-13 00:00:00,gridsat,30.0,34.792884826660156,2
200905B,2009-12-13 12:00:00,gridsat,30.0,32.65276336669922,2
200905B,2009-12-13 18:00:00,gridsat,30.0,34.43748474121094,2
200905B,2009-12-14 00:30:00,gridsat,30.0,27.706539154052734,2
201001B,2010-05-17 22:00:00,gridsat,33.59999999999591,32.96315002441406,3
201001B,2010-05-19 03:30:00,gridsat,46.00000000006139,38.63878631591797,3
201002A,2010-05-19 15:00:00,gridsat,25.0,32.34130859375,2
201001B,2010-05-19 20:30:00,gridsat,55.0,39.416866302490234,3
201002A,2010-05-19 21:00:00,gridsat,30.0,31.091814041137695,2
201002A,2010-05-20 03:00:00,gridsat,30.0,40.776588439941406,2
201001B,2010-05-20 08:00:00,gridsat,55.0,33.44506072998047,3
201001B,2010-05-20 20:30:00,gridsat,40.909090909141646,31.531579971313477,3
201002A,2010-05-20 21:00:00,gridsat,30.0,43.81753158569336,2
201002A,2010-05-21 15:00:00,gridsat,40.0,49.38900375366211,2
201002A,2010-05-21 21:30:00,gridsat,40.0,34.107421875,2
201002A,2010-05-22 09:00:00,gridsat,35.0,51.667510986328125,2
201002A,2010-05-22 15:00:00,gridsat,28.0,32.670867919921875,2
201003A,2010-06-01 16:00:00,gridsat,41.81818181813108,76.651123046875,4
201003A,2010-06-01 21:30:00,gridsat,45.99999999987722,90.42440795898438,4
201003A,2010-06-02 03:00:00,gridsat,60.0,102.92344665527344,4
201003A,2010-06-02 09:00:00,gridsat,80.0,111.33686828613281,4
201003A,2010-06-02 14:00:00,gridsat,85.0,68.74583435058594,4
201003A,2010-06-02 21:00:00,gridsat,80.0,68.64338684082031,4
201003A,2010-06-03 02:00:00,gridsat,75.0,74.28118133544922,4
201003A,2010-06-03 14:00:00,gridsat,70.0,86.28687286376953,4
201003A,2010-06-03 22:00:00,gridsat,65.0,97.04585266113281,4
201003A,2010-06-04 15:00:00,gridsat,55.0,58.167022705078125,4
201003A,2010-06-04 21:00:00,gridsat,50.0,48.46894836425781,4
201003A,2010-06-05 03:00:00,gridsat,40.0,39.80662155151367,4
201003A,2010-06-05 09:00:00,gridsat,40.0,41.06645202636719,4
201003A,2010-06-05 15:00:00,gridsat,35.0,41.94921875,4
201003A,2010-06-05 21:00:00,gridsat,30.0,42.06035614013672,4
201003A,2010-06-06 03:00:00,gridsat,25.0,36.92206573486328,4
201003A,2010-06-06 09:00:00,gridsat,25.0,42.24095916748047,4
201004B,2010-10-21 06:00:00,gridsat,35.0,54.5052604675293,4
201004B,2010-10-21 19:00:00,gridsat,51.49999999998977,63.80964660644531,4
201004B,2010-10-22 06:00:00,gridsat,90.0,106.83113861083984,4
201004B,2010-10-22 12:00:00,gridsat,105.0,112.05467224121094,4
201005B,2010-11-06 08:30:00,gridsat,55.0,32.3033447265625,2
201005B,2010-11-06 21:00:00,gridsat,60.0,40.052066802978516,2
201005B,2010-11-07 03:00:00,gridsat,55.0,28.8591365814209,2
201005B,2010-11-07 09:00:00,gridsat,40.0,30.018409729003906,2
201005B,2010-11-07 15:00:00,gridsat,30.0,29.600915908813477,2
201101A,2011-06-11 15:00:00,gridsat,25.0,22.033409118652344,3
201101A,2011-06-11 21:00:00,gridsat,25.0,23.92412757873535,3
201101A,2011-06-12 03:00:00,gridsat,20.0,24.085851669311523,3
201101A,2011-06-12 09:00:00,gridsat,21.39,25.29856300354004,3
201102B,2011-10-19 12:00:00,gridsat,5.0,35.452919006347656,2
201103A,2011-11-02 07:30:00,gridsat,35.0,46.96730422973633,0
201103A,2011-11-02 12:00:00,gridsat,35.0,53.16939926147461,0
201104A,2011-11-08 00:00:00,gridsat,25.0,34.44102096557617,1
201104A,2011-11-08 12:00:00,gridsat,30.0,29.95993995666504,1
201104A,2011-11-09 07:30:00,gridsat,29.09090909091585,35.143611907958984,1
201104A,2011-11-09 12:00:00,gridsat,25.0,30.95838737487793,1
201104A,2011-11-09 18:00:00,gridsat,25.0,33.653560638427734,1
201104A,2011-11-09 23:00:00,gridsat,25.0,37.5069580078125,1
201105A,2011-11-27 15:30:00,gridsat,25.0,38.16263961791992,2
201105B,2011-11-27 15:30:00,gridsat,25.0,31.367183685302734,0
201105A,2011-11-28 03:00:00,gridsat,30.0,50.65384292602539,2
201105A,2011-11-28 14:30:00,gridsat,30.0,36.306182861328125,2
201105A,2011-11-28 21:00:00,gridsat,30.0,39.435665130615234,2
201105A,2011-11-29 03:00:00,gridsat,30.0,30.277034759521484,2
201105A,2011-11-29 09:00:00,gridsat,28.0,32.84627914428711,2
201105A,2011-11-29 15:00:00,gridsat,25.0,30.82469367980957,2
201105A,2011-11-29 21:00:00,gridsat,25.0,28.76913833618164,2
201105A,2011-11-30 02:30:00,gridsat,25.0,35.30226516723633,2
201105A,2011-11-30 09:00:00,gridsat,25.0,38.9925537109375,2
201105A,2011-11-30 15:00:00,gridsat,25.0,27.373878479003906,2
201105A,2011-11-30 21:00:00,gridsat,25.0,36.618839263916016,2
201106B,2011-12-26 00:00:00,gridsat,30.0,40.20370101928711,0
201106B,2011-12-26 07:30:00,gridsat,30.0,31.73297882080078,0
201106B,2011-12-26 12:00:00,gridsat,30.0,40.52849197387695,0
201106B,2011-12-26 18:00:00,gridsat,35.0,57.320308685302734,0
201106B,2011-12-26 22:30:00,gridsat,37.272727272761095,41.88551330566406,0
201106B,2011-12-27 06:00:00,gridsat,40.0,69.14313507080078,0
201106B,2011-12-27 13:00:00,gridsat,41.36363636371247,54.92038345336914,0
201106B,2011-12-27 18:00:00,gridsat,45.0,53.24347686767578,0
201106B,2011-12-28 04:30:00,gridsat,45.0,54.12892150878906,0
201106B,2011-12-29 00:00:00,gridsat,70.0,71.4349365234375,0
201106B,2011-12-29 05:00:00,gridsat,75.0,89.8397445678711,0
201106B,2011-12-29 12:00:00,gridsat,75.0,86.36913299560547,0
201106B,2011-12-29 18:30:00,gridsat,75.0,69.3401107788086,0
201201A,2012-10-24 18:00:00,gridsat,35.0,32.359161376953125,3
201201A,2012-10-25 00:00:00,gridsat,35.0,31.038389205932617,3
201201A,2012-10-25 06:00:00,gridsat,35.0,33.73003387451172,3
201201A,2012-10-25 12:00:00,gridsat,30.0,35.241737365722656,3
201202B,2012-10-30 01:30:00,gridsat,32.27272727271036,36.091697692871094,3
201202B,2012-10-30 06:00:00,gridsat,35.0,41.23783874511719,3
201202B,2012-10-30 11:30:00,gridsat,39.09090909093446,42.54937744140625,3
201202B,2012-10-31 12:00:00,gridsat,35.0,40.27728271484375,3
201203B,2012-11-17 21:30:00,gridsat,30.0,55.11970520019531,4
201203B,2012-11-18 09:00:00,gridsat,30.0,38.328495025634766,4
201203B,2012-11-18 15:00:00,gridsat,30.0,36.086700439453125,4
201203B,2012-11-18 21:00:00,gridsat,28.0,35.683780670166016,4
201203B,2012-11-19 03:00:00,gridsat,25.0,33.3074951171875,4
201203B,2012-11-19 09:00:00,gridsat,23.0,32.521976470947266,4
201204A,2012-12-23 06:00:00,gridsat,30.0,31.867748260498047,2
201204A,2012-12-23 12:00:00,gridsat,30.0,29.76180648803711,2
201204A,2012-12-23 18:00:00,gridsat,32.550000000000004,29.296669006347656,2
201204A,2012-12-24 00:00:00,gridsat,32.550000000000004,25.911685943603516,2
201204A,2012-12-24 06:00:00,gridsat,28.0,40.74003219604492,2
201204A,2012-12-24 12:00:00,gridsat,25.0,29.999799728393555,2
201204A,2012-12-24 18:00:00,gridsat,23.25,29.141210556030273,2
201204A,2012-12-24 23:00:00,gridsat,19.36090909091381,30.824432373046875,2
201301B,2013-05-10 08:30:00,gridsat,26.37272727268897,31.73417091369629,2
201301B,2013-05-10 20:00:00,gridsat,30.0,54.71048355102539,2
201301B,2013-05-11 02:00:00,gridsat,33.181818181809724,31.580245971679688,2
201301B,2013-05-11 08:30:00,gridsat,35.0,45.59760665893555,2
201301B,2013-05-12 15:00:00,gridsat,40.0,34.2313232421875,2
201301B,2013-05-13 03:30:00,gridsat,40.0,36.92034149169922,2
201301B,2013-05-13 16:00:00,gridsat,40.0,40.20925521850586,2
201301B,2013-05-14 03:00:00,gridsat,40.0,29.418642044067383,2
201301B,2013-05-14 09:00:00,gridsat,40.0,30.158294677734375,2
201301B,2013-05-14 15:00:00,gridsat,40.0,35.21283721923828,2
201301B,2013-05-14 21:30:00,gridsat,40.0,62.812095642089844,2
201301B,2013-05-15 08:00:00,gridsat,45.0,29.15640640258789,2
201302B,2013-10-09 08:30:00,gridsat,30.0,32.413299560546875,2
201302B,2013-10-09 15:00:00,gridsat,35.0,36.943260192871094,2
201302B,2013-10-09 21:30:00,gridsat,45.0,38.89356231689453,2
201302B,2013-10-10 02:30:00,gridsat,53.18181818186892,71.33573913574219,2
201302B,2013-10-10 09:00:00,gridsat,70.0,85.13449096679688,2
201302B,2013-10-10 15:00:00,gridsat,90.0,95.5077896118164,2
201302B,2013-10-10 21:00:00,gridsat,100.0,101.4146728515625,2
201302B,2013-10-11 03:00:00,gridsat,115.0,68.60247802734375,2
201302B,2013-10-11 09:00:00,gridsat,115.0,96.956787109375,2
201302B,2013-10-11 15:00:00,gridsat,115.0,101.99276733398438,2
201302B,2013-10-11 21:00:00,gridsat,115.0,102.78147888183594,2
201302B,2013-10-12 03:00:00,gridsat,115.0,98.494384765625,2
201302B,2013-10-12 09:00:00,gridsat,115.0,78.6041259765625,2
201303A,2013-11-09 21:00:00,gridsat,30.0,34.8515510559082,0
201303A,2013-11-10 09:00:00,gridsat,30.0,38.84148406982422,0
201303A,2013-11-10 14:30:00,gridsat,30.0,37.93359375,0
201304B,2013-11-19 13:00:00,gridsat,26.81818181819028,53.61405944824219,2
201304B,2013-11-19 19:30:00,gridsat,30.0,48.67789077758789,2
201304B,2013-11-20 00:30:00,gridsat,30.90909090904863,42.900821685791016,2
201304B,2013-11-20 06:30:00,gridsat,40.0,58.92276382446289,2
201304B,2013-11-20 19:30:00,gridsat,45.0,64.56643676757812,2
201304B,2013-11-21 00:00:00,gridsat,50.0,54.27640914916992,2
201304B,2013-11-21 18:00:00,gridsat,55.0,52.57682800292969,2
201304B,2013-11-22 00:00:00,gridsat,55.0,48.8508186340332,2
201304B,2013-11-22 06:00:00,gridsat,55.0,46.21621322631836,2
201305B,2013-11-23 19:00:00,gridsat,31.09090909087865,30.45982551574707,2
201305B,2013-11-25 07:00:00,gridsat,56.36363636364482,44.3895263671875,2
201305B,2013-11-26 01:30:00,gridsat,70.0,35.68766784667969,2
201305B,2013-11-26 06:00:00,gridsat,70.0,33.589813232421875,2
201305B,2013-11-27 06:30:00,gridsat,69.4999999999693,30.990747451782227,2
201305B,2013-11-27 12:30:00,gridsat,55.0,42.68505096435547,2
201305B,2013-11-27 18:00:00,gridsat,45.0,38.07613754272461,2
201305B,2013-11-28 00:00:00,gridsat,30.0,31.629690170288086,2
201305B,2013-11-28 06:00:00,gridsat,30.0,32.09429931640625,2
201305B,2013-11-28 12:00:00,gridsat,20.0,32.197635650634766,2
201306B,2013-12-06 03:00:00,gridsat,25.0,30.76582908630371,3
201306B,2013-12-06 09:00:00,gridsat,25.0,31.43920135498047,3
201306B,2013-12-07 08:30:00,gridsat,54.00000000012278,48.127506256103516,3
201306B,2013-12-07 14:00:00,gridsat,55.0,47.390838623046875,3
201306B,2013-12-08 02:30:00,gridsat,60.0,52.70903015136719,3
201306B,2013-12-08 09:00:00,gridsat,65.0,42.80976104736328,3
201306B,2013-12-08 15:00:00,gridsat,65.0,36.92484664916992,3
201306B,2013-12-08 20:00:00,gridsat,65.0,55.76429748535156,3
201306B,2013-12-09 14:00:00,gridsat,60.0,51.459346771240234,3
201306B,2013-12-10 03:00:00,gridsat,65.0,69.79471588134766,3
201306B,2013-12-10 09:00:00,gridsat,65.0,52.745697021484375,3
201306B,2013-12-10 15:00:00,gridsat,55.0,30.598974227905273,3
201306B,2013-12-10 21:00:00,gridsat,45.0,26.778301239013672,3
201306B,2013-12-11 03:00:00,gridsat,30.0,20.872676849365234,3
201306B,2013-12-11 09:00:00,gridsat,30.0,26.561016082763672,3
201306B,2013-12-11 15:30:00,gridsat,27.699999999981586,23.253217697143555,3
201306B,2013-12-11 21:00:00,gridsat,25.0,19.581493377685547,3
201306B,2013-12-12 03:00:00,gridsat,25.0,23.464801788330078,3
201306B,2013-12-12 08:00:00,gridsat,25.0,28.297754287719727,3
201306B,2013-12-12 15:00:00,gridsat,23.0,23.85138511657715,3
201401B,2014-01-04 07:30:00,gridsat,25.0,25.32413673400879,1
201401B,2014-01-04 12:00:00,gridsat,25.0,25.130495071411133,1
201401B,2014-01-04 18:00:00,gridsat,25.0,29.86342430114746,1
201401B,2014-01-05 00:00:00,gridsat,25.0,29.64972686767578,1
201401B,2014-01-05 06:00:00,gridsat,25.0,27.776119232177734,1
201401B,2014-01-05 12:00:00,gridsat,25.0,24.414066314697266,1
201401B,2014-01-05 18:00:00,gridsat,25.0,26.59931755065918,1
201401B,2014-01-06 00:00:00,gridsat,25.0,24.52383041381836,1
201402A,2014-06-10 03:00:00,gridsat,35.34,29.390106201171875,1
201402A,2014-06-10 20:00:00,gridsat,31.90909090906554,57.881744384765625,1
201402A,2014-06-11 03:00:00,gridsat,35.0,64.99211120605469,1
201402A,2014-06-11 09:30:00,gridsat,45.0,56.27220153808594,1
201402A,2014-06-12 03:30:00,gridsat,45.0,67.98238372802734,1
201402A,2014-06-12 15:00:00,gridsat,45.0,53.12171173095703,1
201402A,2014-06-13 09:00:00,gridsat,30.0,42.64543914794922,1
201402A,2014-06-13 15:00:00,gridsat,25.0,31.414989471435547,1
201402A,2014-06-13 21:00:00,gridsat,25.0,29.01825714111328,1
201402A,2014-06-14 02:30:00,gridsat,17.56600000005071,29.408329010009766,1
201403B,2014-10-08 10:30:00,gridsat,40.0,33.29181671142578,1
201403B,2014-10-09 01:30:00,gridsat,50.45454545457928,36.81603240966797,1
201403B,2014-10-09 05:00:00,gridsat,55.0,34.63439178466797,1
201403B,2014-10-10 18:00:00,gridsat,75.0,49.37046813964844,1
201403B,2014-10-11 06:00:00,gridsat,90.0,90.82914733886719,1
201403B,2014-10-11 12:00:00,gridsat,95.0,96.10325622558594,1
201403B,2014-10-11 17:00:00,gridsat,98.18181818180972,91.54241943359375,1
201403B,2014-10-11 23:30:00,gridsat,100.0,93.32711029052734,1
201403B,2014-10-12 06:00:00,gridsat,100.0,100.74951934814453,1
201404A,2014-10-25 18:00:00,gridsat,25.0,39.22476577758789,0
201404A,2014-10-25 23:30:00,gridsat,25.0,39.65718460083008,0
201404A,2014-10-26 06:00:00,gridsat,35.0,41.89077377319336,0
201404A,2014-10-26 13:30:00,gridsat,40.0,53.37078094482422,0
201404A,2014-10-26 18:00:00,gridsat,45.0,60.67927551269531,0
201404A,2014-10-27 00:00:00,gridsat,55.0,79.25476837158203,0
201404A,2014-10-27 05:00:00,gridsat,63.63636363635518,75.06607818603516,0
201404A,2014-10-27 12:30:00,gridsat,70.0,74.05946350097656,0
201404A,2014-10-27 18:30:00,gridsat,70.90909090906554,69.90013885498047,0
201404A,2014-10-28 01:00:00,gridsat,75.0,46.40961837768555,0
201404A,2014-10-28 06:00:00,gridsat,80.0,89.81564331054688,0
201404A,2014-10-28 12:00:00,gridsat,100.0,98.15757751464844,0
201404A,2014-10-28 18:30:00,gridsat,110.0,75.0496826171875,0
201404A,2014-10-29 00:00:00,gridsat,105.0,70.13121795654297,0
201404A,2014-10-29 12:30:00,gridsat,78.99999999993861,54.88196563720703,0
201404A,2014-10-29 18:00:00,gridsat,70.0,51.31535720825195,0
201404A,2014-10-30 00:00:00,gridsat,60.0,36.99094009399414,0
201404A,2014-10-30 12:00:00,gridsat,40.0,38.511497497558594,0
201404A,2014-10-30 18:00:00,gridsat,35.0,33.06874084472656,0
201404A,2014-10-31 00:00:00,gridsat,25.0,25.680803298950195,0
201404A,2014-10-31 05:30:00,gridsat,23.757272727258574,26.198755264282227,0
201405B,2014-11-06 05:00:00,gridsat,30.0,34.64102554321289,3
201405B,2014-11-06 12:00:00,gridsat,30.0,35.91179275512695,3
201405B,2014-11-06 18:00:00,gridsat,30.0,34.61510467529297,3
201405B,2014-11-07 06:00:00,gridsat,25.0,23.06757164001465,3
201405B,2014-11-07 12:00:00,gridsat,25.0,24.84413719177246,3
201405B,2014-11-07 18:00:00,gridsat,25.0,22.95890235900879,3
201405B,2014-11-08 00:00:00,gridsat,25.0,22.11019515991211,3
201405B,2014-11-08 05:30:00,gridsat,18.6,22.805084228515625,3
201501A,2015-06-07 09:00:00,gridsat,25.0,44.558467864990234,4
201501A,2015-06-07 15:00:00,gridsat,25.0,49.687255859375,4
201501A,2015-06-07 21:00:00,gridsat,28.0,57.00341796875,4
201501A,2015-06-08 03:00:00,gridsat,35.0,56.65412139892578,4
201501A,2015-06-08 21:00:00,gridsat,35.0,54.602352142333984,4
201501A,2015-06-09 03:00:00,gridsat,35.0,51.78240203857422,4
201501A,2015-06-09 15:00:00,gridsat,40.0,49.93815231323242,4
201501A,2015-06-09 21:00:00,gridsat,45.0,54.1328125,4
201501A,2015-06-10 03:00:00,gridsat,45.0,72.16739654541016,4
201501A,2015-06-10 21:00:00,gridsat,45.0,38.07832336425781,4
201501A,2015-06-11 03:00:00,gridsat,40.0,49.29444122314453,4
201501A,2015-06-11 09:00:00,gridsat,35.0,71.16777038574219,4
201501A,2015-06-11 15:00:00,gridsat,35.0,61.95558547973633,4
201501A,2015-06-11 21:00:00,gridsat,28.0,42.02802658081055,4
201502B,2015-07-29 01:00:00,gridsat,30.0,32.59189224243164,3
201502B,2015-07-29 06:00:00,gridsat,30.0,29.63764190673828,3
201502B,2015-07-29 12:00:00,gridsat,30.0,30.290184020996094,3
201502B,2015-07-29 18:00:00,gridsat,35.0,34.71268844604492,3
201502B,2015-07-30 00:00:00,gridsat,35.0,29.839479446411133,3
201502B,2015-07-30 06:00:00,gridsat,40.0,34.10029602050781,3
201503A,2015-10-09 21:00:00,gridsat,30.0,29.10096549987793,2
201503A,2015-10-10 03:30:00,gridsat,30.0,31.504165649414062,2
201503A,2015-10-10 09:00:00,gridsat,30.0,32.74843978881836,2
201503A,2015-10-10 15:00:00,gridsat,30.0,29.36168670654297,2
201503A,2015-10-10 21:00:00,gridsat,30.0,31.522172927856445,2
201503A,2015-10-11 03:00:00,gridsat,25.0,27.00423812866211,2
201503A,2015-10-11 09:00:00,gridsat,25.0,30.85789680480957,2
201503A,2015-10-11 15:00:00,gridsat,25.0,31.78243064880371,2
201503A,2015-10-11 21:00:00,gridsat,23.0,25.572235107421875,2
201504A,2015-10-28 20:30:00,gridsat,32.45454545456067,48.73067855834961,2
201504A,2015-10-29 03:00:00,gridsat,40.0,47.962589263916016,2
201504A,2015-10-29 09:00:00,gridsat,50.0,52.718177795410156,2
201504A,2015-10-29 15:00:00,gridsat,60.0,78.56753540039062,2
201504A,2015-10-29 21:30:00,gridsat,77.72727272719662,72.15258026123047,2
201504A,2015-10-30 03:00:00,gridsat,105.0,107.63250732421875,2
201504A,2015-10-30 15:00:00,gridsat,115.0,99.72846984863281,2
201504A,2015-10-31 03:00:00,gridsat,110.0,73.0987548828125,2
201504A,2015-10-31 09:00:00,gridsat,105.0,87.114990234375,2
201504A,2015-10-31 15:00:00,gridsat,105.0,95.58262634277344,2
201504A,2015-10-31 21:00:00,gridsat,105.0,87.23268127441406,2
201504A,2015-11-01 04:00:00,gridsat,103.1818181817759,84.9293212890625,2
201504A,2015-11-01 09:00:00,gridsat,100.0,98.13735961914062,2
201504A,2015-11-01 15:00:00,gridsat,100.0,105.9625244140625,2
201504A,2015-11-01 21:00:00,gridsat,100.0,104.64280700683594,2
201504A,2015-11-02 03:00:00,gridsat,95.0,89.60828399658203,2
201504A,2015-11-02 09:00:00,gridsat,90.0,92.63357543945312,2
201504A,2015-11-02 15:00:00,gridsat,85.0,85.6900863647461,2
201504A,2015-11-03 03:30:00,gridsat,53.18181818186892,41.571571350097656,2
201505A,2015-11-05 08:00:00,gridsat,31.90909090908584,34.01823425292969,0
201505A,2015-11-05 14:30:00,gridsat,39.09090909093446,42.8514518737793,0
201505A,2015-11-06 09:00:00,gridsat,45.0,32.0827522277832,0
201505A,2015-11-06 15:00:00,gridsat,45.0,37.36515426635742,0
201505A,2015-11-07 09:00:00,gridsat,55.0,64.39120483398438,0
201505A,2015-11-07 21:00:00,gridsat,80.0,46.01137161254883,0
201505A,2015-11-08 03:00:00,gridsat,90.0,90.7844009399414,0
201505A,2015-11-08 08:00:00,gridsat,95.0,77.10821533203125,0
201505A,2015-11-09 03:30:00,gridsat,80.0,46.71046829223633,0
201505A,2015-11-09 09:00:00,gridsat,75.0,37.903812408447266,0
201505A,2015-11-09 15:00:00,gridsat,65.0,41.39039993286133,0
201505A,2015-11-09 21:00:00,gridsat,60.0,33.143890380859375,0
201601B,2016-05-19 15:00:00,gridsat,40.0,38.65394592285156,4
201601B,2016-05-19 21:00:00,gridsat,40.0,45.13653564453125,4
201601B,2016-05-20 10:00:00,gridsat,40.0,49.49348068237305,4
201601B,2016-05-20 15:00:00,gridsat,40.0,42.08684158325195,4
201602A,2016-06-27 09:00:00,gridsat,25.0,29.72627830505371,0
201602A,2016-06-27 15:00:00,gridsat,25.0,28.527915954589844,0
201602A,2016-06-28 03:00:00,gridsat,25.0,26.6370906829834,0
201602A,2016-06-28 09:00:00,gridsat,25.0,28.565502166748047,0
201602A,2016-06-28 15:00:00,gridsat,25.0,24.83661460876465,0
201602A,2016-06-28 21:00:00,gridsat,25.0,27.973772048950195,0
201603B,2016-10-25 04:30:00,gridsat,35.0,46.339969635009766,3
201603B,2016-10-25 11:30:00,gridsat,35.0,46.29458999633789,3
201603B,2016-10-25 17:30:00,gridsat,35.0,43.636566162109375,3
201603B,2016-10-26 12:00:00,gridsat,40.0,48.896507263183594,3
201603B,2016-10-26 18:00:00,gridsat,35.0,28.758699417114258,3
201603B,2016-10-27 00:00:00,gridsat,30.0,26.77946662902832,3
201603B,2016-10-27 04:30:00,gridsat,30.0,29.821369171142578,3
201604B,2016-11-30 03:30:00,gridsat,35.0,31.02153205871582,2
201604B,2016-11-30 09:00:00,gridsat,35.0,27.58751106262207,2
201604B,2016-11-30 15:00:00,gridsat,40.0,31.678972244262695,2
201604B,2016-11-30 21:00:00,gridsat,40.0,27.03217315673828,2
201604B,2016-12-01 03:00:00,gridsat,30.0,27.51641273498535,2
201604B,2016-12-01 09:00:00,gridsat,30.0,29.192781448364258,2
201604B,2016-12-01 15:00:00,gridsat,28.0,32.14262390136719,2
201604B,2016-12-01 21:00:00,gridsat,25.0,26.09298324584961,2
201605B,2016-12-07 15:00:00,gridsat,28.0,51.38798904418945,4
201605B,2016-12-07 20:30:00,gridsat,32.45454545456067,51.27436065673828,4
201605B,2016-12-08 03:30:00,gridsat,35.0,48.05704879760742,4
201605B,2016-12-08 09:00:00,gridsat,35.0,45.46689987182617,4
201605B,2016-12-08 15:00:00,gridsat,40.0,47.04358673095703,4
201605B,2016-12-08 20:30:00,gridsat,40.0,65.88912200927734,4
201605B,2016-12-09 09:00:00,gridsat,45.0,48.97061538696289,4
201605B,2016-12-10 02:30:00,gridsat,55.0,72.94575500488281,4
201605B,2016-12-10 15:00:00,gridsat,65.0,62.929813385009766,4
201605B,2016-12-10 21:00:00,gridsat,65.0,59.954917907714844,4
201605B,2016-12-11 21:00:00,gridsat,70.0,84.10752868652344,4
201605B,2016-12-12 04:00:00,gridsat,70.0,65.81793212890625,4
201701B,2017-04-15 21:10:00,gridsat,40.0,38.60213088989258,3
201701B,2017-04-16 03:00:00,gridsat,40.0,32.7135009765625,3
201701B,2017-04-16 09:10:00,gridsat,40.0,32.00193786621094,3
201701B,2017-04-16 15:40:00,gridsat,40.0,30.024995803833008,3
201702B,2017-05-28 07:00:00,gridsat,26.36363636361945,27.413625717163086,2
201702B,2017-05-28 12:10:00,gridsat,30.454545454570823,30.705448150634766,2
201702B,2017-05-28 18:10:00,gridsat,35.45454545457082,29.094379425048828,2
201702B,2017-05-29 00:10:00,gridsat,45.0,29.861541748046875,2
201702B,2017-05-29 13:10:00,gridsat,51.8181818182241,35.00165939331055,2
201702B,2017-05-29 22:40:00,gridsat,60.0,77.60336303710938,2
201703B,2017-11-30 03:00:00,gridsat,35.0,44.56583023071289,3
201703A,2017-11-30 08:30:00,gridsat,44.09090909093446,53.16210174560547,1
201703B,2017-11-30 14:30:00,gridsat,45.0,43.30084991455078,3
201703B,2017-11-30 21:00:00,gridsat,45.0,37.354095458984375,3
201703B,2017-12-01 03:00:00,gridsat,55.0,48.473941802978516,3
201703B,2017-12-01 09:30:00,gridsat,65.0,44.527828216552734,3
201703B,2017-12-01 15:30:00,gridsat,65.90909090906554,46.47038269042969,3
201703B,2017-12-01 22:00:00,gridsat,76.50000000002046,50.739986419677734,3
201703B,2017-12-02 03:00:00,gridsat,80.0,68.16954040527344,3
201703B,2017-12-02 09:00:00,gridsat,85.0,67.72943878173828,3
201703B,2017-12-03 04:00:00,gridsat,78.50000000001023,41.71094512939453,3
201703B,2017-12-03 14:30:00,gridsat,75.0,52.763607025146484,3
201703B,2017-12-03 21:00:00,gridsat,75.0,49.68423080444336,3
201703B,2017-12-04 04:00:00,gridsat,65.0,46.52117919921875,3
201703B,2017-12-05 09:00:00,gridsat,30.0,27.93144416809082,3
201703B,2017-12-05 17:00:00,gridsat,21.499999999989768,20.143905639648438,3
201704B,2017-12-08 21:00:00,gridsat,25.0,28.434019088745117,0
201704B,2017-12-09 03:00:00,gridsat,25.0,25.131956100463867,0
201704B,2017-12-09 09:00:00,gridsat,27.9,23.117624282836914,0
201704B,2017-12-09 15:00:00,gridsat,26.040000000000003,24.054323196411133,0
201704B,2017-12-09 21:00:00,gridsat,23.25,24.658185958862305,0
201704B,2017-12-10 03:45:00,gridsat,20.62909090908619,25.490148544311523,0
201801A,2018-05-17 00:00:00,gridsat,30.0,36.208091735839844,2
201801A,2018-05-17 11:00:00,gridsat,38.1818181817759,50.48422622680664,2
201801A,2018-05-17 18:00:00,gridsat,40.0,31.65407943725586,2
201801A,2018-05-18 00:00:00,gridsat,45.0,34.20549774169922,2
201801A,2018-05-18 18:00:00,gridsat,45.0,45.31961441040039,2
201802A,2018-05-22 06:00:00,gridsat,30.0,28.40106773376465,1
201802A,2018-05-22 12:00:00,gridsat,35.0,39.225704193115234,1
201802A,2018-05-23 19:00:00,gridsat,70.0,83.38951110839844,1
201802A,2018-05-24 12:30:00,gridsat,80.0,63.176307678222656,1
201802A,2018-05-24 16:45:00,gridsat,80.0,79.1241226196289,1
201802A,2018-05-24 23:00:00,gridsat,83.1818181817759,81.82353210449219,1
201802A,2018-05-25 19:00:00,gridsat,93.63636363635518,92.65652465820312,1
201804B,2018-09-20 18:15:00,gridsat,35.0,39.82102966308594,4
201805A,2018-10-08 06:00:00,gridsat,40.0,32.992713928222656,2
201805A,2018-10-08 12:00:00,gridsat,45.0,42.32954406738281,2
201805A,2018-10-08 23:00:00,gridsat,45.0,53.122222900390625,2
201805A,2018-10-09 06:30:00,gridsat,45.90909090906554,42.12908172607422,2
201805A,2018-10-09 12:00:00,gridsat,55.0,48.12033462524414,2
201805A,2018-10-09 17:30:00,gridsat,55.0,57.240806579589844,2
201805A,2018-10-10 05:30:00,gridsat,73.18181818186892,72.30316162109375,2
201806B,2018-10-10 06:00:00,gridsat,70.0,90.50996398925781,0
201805A,2018-10-10 12:00:00,gridsat,75.0,79.0994873046875,2
201806B,2018-10-10 12:00:00,gridsat,80.0,95.52009582519531,0
201805A,2018-10-10 18:00:00,gridsat,75.0,73.94886779785156,2
201806B,2018-10-10 17:15:00,gridsat,80.0,79.65367889404297,0
201805A,2018-10-10 23:45:00,gridsat,75.0,49.455970764160156,2
201806B,2018-10-10 23:15:00,gridsat,80.0,99.69806671142578,0
201805A,2018-10-11 05:45:00,gridsat,70.0,45.585113525390625,2
201805A,2018-10-11 12:15:00,gridsat,70.0,47.19832992553711,2
201805A,2018-10-11 18:15:00,gridsat,69.54545454542072,51.29878234863281,2
201805A,2018-10-11 23:45:00,gridsat,60.45454545457082,39.51955032348633,2
201805A,2018-10-12 06:15:00,gridsat,50.0,54.25291442871094,2
201805A,2018-10-12 12:00:00,gridsat,50.0,35.702049255371094,2
201805A,2018-10-12 18:15:00,gridsat,45.0,32.87654495239258,2
201805A,2018-10-13 00:15:00,gridsat,44.54545454542918,35.63861846923828,2
201805A,2018-10-13 06:15:00,gridsat,40.0,35.701786041259766,2
201805A,2018-10-13 12:00:00,gridsat,40.0,30.46910858154297,2
201805A,2018-10-13 18:15:00,gridsat,40.0,36.20227813720703,2
201805A,2018-10-14 00:00:00,gridsat,40.0,40.11921310424805,2
201807B,2018-11-10 20:45:00,gridsat,32.72727272725751,32.436397552490234,3
201807B,2018-11-11 03:15:00,gridsat,35.454545454486265,32.55976867675781,3
201807B,2018-11-11 09:15:00,gridsat,40.0,31.611997604370117,3
201807B,2018-11-11 15:15:00,gridsat,40.0,29.75749397277832,3
201807B,2018-11-11 20:45:00,gridsat,40.0,32.99771499633789,3
201807B,2018-11-12 02:45:00,gridsat,40.0,33.99965286254883,3
201807B,2018-11-12 08:45:00,gridsat,40.0,31.572710037231445,3
201807B,2018-11-12 15:15:00,gridsat,40.45454545457082,32.11144256591797,3
201807B,2018-11-12 21:15:00,gridsat,44.54545454542072,36.0013427734375,3
201807B,2018-11-13 03:15:00,gridsat,40.0,32.942691802978516,3
201807B,2018-11-13 09:15:00,gridsat,40.0,30.932342529296875,3
201807B,2018-11-13 15:15:00,gridsat,40.0,31.283231735229492,3
201807B,2018-11-14 09:00:00,gridsat,45.0,35.2606201171875,3
201807B,2018-11-14 15:45:00,gridsat,45.0,42.17862319946289,3
201807B,2018-11-15 08:45:00,gridsat,55.0,37.97826385498047,3
201807B,2018-11-15 15:45:00,gridsat,65.99999999997954,63.268096923828125,3
201807B,2018-11-16 19:45:00,gridsat,26.636363636373783,34.15264892578125,3
201807B,2018-11-17 03:15:00,gridsat,30.0,31.703716278076172,3
201807B,2018-11-17 10:15:00,gridsat,30.0,35.33399963378906,3
201807B,2018-11-17 13:45:00,gridsat,30.0,33.36429214477539,3
201807B,2018-11-18 09:15:00,gridsat,30.0,41.61811065673828,3
201807B,2018-11-18 15:15:00,gridsat,30.0,31.148418426513672,3
201807B,2018-11-18 21:15:00,gridsat,30.0,27.018535614013672,3
201807B,2018-11-19 03:15:00,gridsat,29.545454545429177,27.728153228759766,3
201807B,2018-11-19 09:15:00,gridsat,25.0,26.435705184936523,3
201808B,2018-12-15 15:15:00,gridsat,35.0,56.83897018432617,4
201808B,2018-12-16 21:00:00,gridsat,55.0,63.900428771972656,4
201808B,2018-12-17 09:15:00,gridsat,39.090909090858354,42.7572021484375,4
201901B,2019-04-27 14:45:00,gridsat,45.0,29.98604965209961,0
201901B,2019-04-27 21:15:00,gridsat,45.0,29.97561264038086,0
201901B,2019-04-28 02:45:00,gridsat,45.0,31.47273063659668,0
201901B,2019-04-28 09:15:00,gridsat,45.0,31.171707153320312,0
201901B,2019-04-28 15:15:00,gridsat,45.0,28.105762481689453,0
201901B,2019-04-29 22:15:00,gridsat,67.27272727271036,49.43206787109375,0
201901B,2019-04-30 08:45:00,gridsat,84.4999999999693,78.41753387451172,0
201901B,2019-04-30 20:15:00,gridsat,95.0,74.34042358398438,0
201901B,2019-05-01 04:15:00,gridsat,95.0,58.26194381713867,0
201901B,2019-05-01 09:15:00,gridsat,95.45454545457082,82.2144775390625,0
201901B,2019-05-01 15:15:00,gridsat,100.0,97.97622680664062,0
201901B,2019-05-02 03:45:00,gridsat,105.99999999995909,84.46345520019531,0
201901B,2019-05-02 09:15:00,gridsat,115.0,98.40139770507812,0
201901B,2019-05-02 14:45:00,gridsat,115.0,100.23365020751953,0
201901B,2019-05-02 21:15:00,gridsat,114.09090909084144,105.95832824707031,0
201902A,2019-06-10 14:45:00,gridsat,32.699999999981586,34.90245819091797,2
201902A,2019-06-10 20:45:00,gridsat,35.0,31.2069034576416,2
201902A,2019-06-11 03:45:00,gridsat,41.00000000006139,31.476593017578125,2
201902A,2019-06-11 09:15:00,gridsat,45.909090909141646,28.528926849365234,2
201902A,2019-06-11 14:45:00,gridsat,59.545454545513735,64.21369171142578,2
201902A,2019-06-11 20:45:00,gridsat,69.50000000006139,53.28041458129883,2
201902A,2019-06-12 10:15:00,gridsat,80.0,71.87811279296875,2
201902A,2019-06-12 16:15:00,gridsat,80.0,38.79098892211914,2
201902A,2019-06-13 08:15:00,gridsat,80.0,87.59993743896484,2
201902A,2019-06-13 15:15:00,gridsat,80.0,89.55764770507812,2
201902A,2019-06-14 01:45:00,gridsat,77.27272727271036,70.76531982421875,2
201902A,2019-06-14 09:15:00,gridsat,74.54545454542918,54.22116470336914,2
201902A,2019-06-14 14:45:00,gridsat,70.0,56.41189956665039,2
201902A,2019-06-15 03:15:00,gridsat,65.0,70.66268920898438,2
201902A,2019-06-15 07:45:00,gridsat,65.0,55.27445983886719,2
201902A,2019-06-15 15:15:00,gridsat,65.0,61.73302459716797,2
201902A,2019-06-15 20:45:00,gridsat,65.0,52.508087158203125,2
201902A,2019-06-16 03:15:00,gridsat,55.0,45.498435974121094,2
201902A,2019-06-16 08:15:00,gridsat,55.0,58.76524353027344,2
201902A,2019-06-16 14:45:00,gridsat,45.45454545457928,44.231685638427734,2
201902A,2019-06-16 21:15:00,gridsat,39.54545454542918,32.66465377807617,2
201902A,2019-06-17 03:15:00,gridsat,30.0,27.42721939086914,2
201902A,2019-06-17 09:15:00,gridsat,25.0,30.0106258392334,2
201903A,2019-09-23 03:45:00,gridsat,41.36363636361945,42.246559143066406,1
201903A,2019-09-23 09:15:00,gridsat,55.0,45.36234664916992,1
201903A,2019-09-23 14:45:00,gridsat,55.0,59.12137985229492,1
201903A,2019-09-24 01:45:00,gridsat,72.7272727272389,45.293460845947266,1
201903A,2019-09-24 14:15:00,gridsat,64.09090909093446,44.954097747802734,1
201904A,2019-10-25 12:45:00,gridsat,51.36363636361945,56.95932388305664,1
201904A,2019-10-25 16:45:00,gridsat,55.0,62.73272705078125,1
201904A,2019-10-25 22:45:00,gridsat,62.72727272733192,75.27310180664062,1
201904A,2019-10-26 07:15:00,gridsat,77.27272727271036,75.94190979003906,1
201904A,2019-10-26 12:15:00,gridsat,85.45454545448627,94.3473892211914,1
201904A,2019-10-26 18:15:00,gridsat,105.45454545457928,94.4255599975586,1
201904A,2019-10-27 00:15:00,gridsat,120.45454545448628,99.16143798828125,1
201904A,2019-10-27 06:15:00,gridsat,125.0,97.38031005859375,1
201904A,2019-10-27 11:45:00,gridsat,130.0,101.89756774902344,1
201904A,2019-10-27 18:15:00,gridsat,129.54545454542918,97.50155639648438,1
201904A,2019-10-28 00:15:00,gridsat,125.0,90.05216979980469,1
201904A,2019-10-28 06:15:00,gridsat,125.0,101.279296875,1
201904A,2019-10-28 12:15:00,gridsat,125.0,100.6832504272461,1
201904A,2019-10-28 17:45:00,gridsat,125.0,96.72628784179688,1
201904A,2019-10-29 06:15:00,gridsat,109.54545454551372,92.37197875976562,1
201904A,2019-10-29 11:45:00,gridsat,100.45454545457082,83.12916564941406,1
201904A,2019-10-29 17:45:00,gridsat,95.45454545448628,39.41754913330078,1
201904A,2019-10-29 23:15:00,gridsat,86.36363636364482,44.4284782409668,1
201904A,2019-10-30 12:15:00,gridsat,64.54545454542918,33.24774932861328,1
201905A,2019-10-30 12:15:00,gridsat,35.45454545457082,29.52330780029297,0
201904A,2019-10-30 18:15:00,gridsat,55.0,33.13822555541992,1
201905A,2019-10-30 18:15:00,gridsat,40.0,28.071916580200195,0
201904A,2019-10-30 23:45:00,gridsat,50.45454545457082,26.893980026245117,1
201904A,2019-10-31 05:45:00,gridsat,40.45454545457928,27.834537506103516,1
201904A,2019-10-31 11:45:00,gridsat,35.45454545457082,31.81778335571289,1
201905A,2019-10-31 12:45:00,gridsat,50.90909090906554,28.29116439819336,0
201904A,2019-10-31 17:45:00,gridsat,30.0,29.901060104370117,1
201905A,2019-10-31 17:45:00,gridsat,55.0,30.13228416442871,0
201904A,2019-11-01 00:15:00,gridsat,25.0,28.513504028320312,1
201905A,2019-11-01 00:45:00,gridsat,55.0,30.491283416748047,0
201904A,2019-11-01 05:45:00,gridsat,25.0,28.867984771728516,1
201905A,2019-11-01 06:15:00,gridsat,55.0,27.816505432128906,0
201904A,2019-11-01 11:45:00,gridsat,25.0,29.52482795715332,1
201905A,2019-11-01 12:45:00,gridsat,50.0,49.93727111816406,0
201905A,2019-11-02 13:15:00,gridsat,55.0,65.06069946289062,0
201905A,2019-11-02 18:15:00,gridsat,60.0,35.233924865722656,0
201905A,2019-11-02 23:45:00,gridsat,60.0,26.456947326660156,0
201905A,2019-11-03 13:15:00,gridsat,71.81818181819027,79.51033782958984,0
201905A,2019-11-03 17:45:00,gridsat,79.54545454551373,76.05563354492188,0
201905A,2019-11-03 23:45:00,gridsat,89.54545454551373,64.48616027832031,0
201905A,2019-11-04 06:15:00,gridsat,90.45454545457928,86.84114074707031,0
201905A,2019-11-04 11:45:00,gridsat,99.50000000007162,89.6806640625,0
201905A,2019-11-04 17:45:00,gridsat,100.0,85.21722412109375,0
201905A,2019-11-05 05:45:00,gridsat,80.45454545457082,37.0130729675293,0
201905A,2019-11-05 11:15:00,gridsat,72.7272727272389,62.93933868408203,0
201905A,2019-11-05 17:45:00,gridsat,70.0,63.43637466430664,0
201905A,2019-11-05 23:45:00,gridsat,60.90909090897252,47.36793518066406,0
201905A,2019-11-06 05:15:00,gridsat,51.36363636364482,35.65781021118164,0
201905A,2019-11-06 18:00:00,gridsat,40.0,29.97713279724121,0
201905A,2019-11-06 23:45:00,gridsat,30.500000000030692,28.1585636138916,0
201905A,2019-11-07 05:15:00,gridsat,26.36363636364482,27.185270309448242,0
201906A,2019-12-03 09:15:00,gridsat,30.0,31.51136589050293,3
201906A,2019-12-03 15:15:00,gridsat,30.0,30.036375045776367,3
201907A,2019-12-03 15:15:00,gridsat,40.31818181809633,31.12370491027832,1
201906A,2019-12-03 20:15:00,gridsat,30.0,35.63951873779297,3
201907A,2019-12-03 20:45:00,gridsat,27.700000000036837,24.454946517944336,1
201906A,2019-12-04 02:45:00,gridsat,30.0,31.400068283081055,3
201907A,2019-12-04 03:15:00,gridsat,30.0,30.9803524017334,1
201906A,2019-12-04 09:15:00,gridsat,30.0,36.37685012817383,3
201907A,2019-12-04 08:45:00,gridsat,30.0,26.082983016967773,1
201906A,2019-12-04 14:45:00,gridsat,30.0,28.090341567993164,3
201907A,2019-12-04 15:15:00,gridsat,30.0,22.550758361816406,1
201906A,2019-12-04 20:45:00,gridsat,32.72727272725751,37.23442840576172,3
201907A,2019-12-04 20:45:00,gridsat,28.18181818182833,22.867076873779297,1
201906A,2019-12-05 02:45:00,gridsat,35.0,34.83926010131836,3
201906A,2019-12-05 15:00:00,gridsat,35.0,31.69453239440918,3
201906A,2019-12-05 20:45:00,gridsat,35.0,30.206422805786133,3
201906A,2019-12-06 09:45:00,gridsat,35.0,36.77926254272461,3
201906A,2019-12-06 14:45:00,gridsat,35.0,33.40769577026367,3
201906A,2019-12-06 20:45:00,gridsat,35.0,45.77041244506836,3
202001B,2020-05-17 09:15:00,gridsat,65.0,62.869789123535156,4
202001B,2020-05-17 15:15:00,gridsat,75.45454545457082,87.7169418334961,4
202001B,2020-05-17 20:45:00,gridsat,89.09090909102747,115.53434753417969,4
202001B,2020-05-18 02:45:00,gridsat,113.50000000018416,116.64434814453125,4
202001B,2020-05-18 08:45:00,gridsat,120.0,117.54389953613281,4
202001B,2020-05-18 15:15:00,gridsat,125.0,113.97474670410156,4
202001B,2020-05-18 22:15:00,gridsat,127.72727272728964,78.75176239013672,4
202001B,2020-05-19 07:45:00,gridsat,112.00000000002046,63.080413818359375,4
202001B,2020-05-19 15:15:00,gridsat,100.0,76.081787109375,4
202001B,2020-05-20 01:45:00,gridsat,95.0,71.95132446289062,4
202002A,2020-06-02 23:45:00,gridsat,49.545454545420725,58.4873046875,4
202002A,2020-06-03 06:15:00,gridsat,60.0,74.35673522949219,4
202003A,2020-11-22 06:15:00,gridsat,51.36363636345879,93.17803955078125,4
202003A,2020-11-22 11:45:00,gridsat,74.09090909102747,87.02796173095703,4
202003A,2020-11-23 11:45:00,gridsat,30.0,39.14775848388672,4
202003A,2020-11-23 17:45:00,gridsat,30.0,33.046104431152344,4
202004B,2020-11-23 18:15:00,gridsat,30.27272727269176,26.79229164123535,2
202003A,2020-11-23 23:45:00,gridsat,25.272727272742493,33.167686462402344,4
202004B,2020-11-23 23:45:00,gridsat,34.818181818171674,27.953859329223633,2
202003A,2020-11-24 05:15:00,gridsat,22.363636363647355,33.898170471191406,4
202004B,2020-11-25 06:45:00,gridsat,60.99999999995907,38.90263366699219,2
202004B,2020-11-25 13:15:00,gridsat,65.0,32.976318359375,2
202004B,2020-11-25 18:45:00,gridsat,64.09090909093446,45.13036346435547,2
202005B,2020-12-01 19:30:00,gridsat,35.0,30.12281608581543,1
202005B,2020-12-02 01:15:00,gridsat,40.0,38.74778747558594,1
202005B,2020-12-02 11:15:00,gridsat,45.0,28.278160095214844,1
202005B,2020-12-02 17:45:00,gridsat,45.0,24.48914909362793,1
202005B,2020-12-02 22:45:00,gridsat,40.0,53.349525451660156,1
202005B,2020-12-03 06:45:00,gridsat,39.09090909093446,30.569194793701172,1
202005B,2020-12-03 12:00:00,gridsat,30.0,28.07086181640625,1
202005B,2020-12-03 23:45:00,gridsat,30.0,26.506593704223633,1
202005B,2020-12-04 06:15:00,gridsat,29.81818181817167,26.795438766479492,1
202005B,2020-12-04 11:45:00,gridsat,25.27272727269176,25.779273986816406,1
202005B,2020-12-05 05:15:00,gridsat,18.98181818181345,26.76382064819336,1
202101A,2021-05-14 09:45:00,gridsat,30.0,28.644290924072266,1
202101A,2021-05-14 15:15:00,gridsat,33.181818181794505,29.459453582763672,1
202101A,2021-05-14 20:15:00,gridsat,38.63636363638055,37.64179611206055,1
202101A,2021-05-15 03:15:00,gridsat,40.454545454486265,38.33179473876953,1
202101A,2021-05-15 21:15:00,gridsat,60.45454545457082,81.56005859375,1
202101A,2021-05-16 09:15:00,gridsat,70.45454545457082,86.45152282714844,1
202101A,2021-05-16 15:15:00,gridsat,80.45454545457928,84.11767578125,1
202101A,2021-05-16 21:15:00,gridsat,90.90909090915856,95.59220886230469,1
202101A,2021-05-17 02:45:00,gridsat,100.0,94.70935821533203,1
202101A,2021-05-17 09:15:00,gridsat,100.0,90.93640899658203,1
202101A,2021-05-17 15:15:00,gridsat,89.54545454551373,91.88263702392578,1
202102B,2021-05-24 03:15:00,gridsat,40.0,31.22260093688965,3
202102B,2021-05-24 08:45:00,gridsat,40.0,29.3774471282959,3
202102B,2021-05-24 15:15:00,gridsat,45.454545454486265,39.17375564575195,3
202102B,2021-05-25 15:15:00,gridsat,65.45454545457082,58.209861755371094,3
202103B,2021-09-24 12:10:00,gridsat,25.0,25.813613891601562,2
202103B,2021-09-24 18:15:00,gridsat,25.272727272747566,30.807580947875977,2
202103B,2021-09-25 18:15:00,gridsat,35.0,34.49263000488281,2
202103B,2021-09-26 00:15:00,gridsat,40.0,39.298072814941406,2
202103B,2021-09-26 06:15:00,gridsat,45.0,35.73387145996094,2
202103A,2021-10-01 00:45:00,gridsat,36.36363636361945,67.5328369140625,4
202103A,2021-10-01 06:15:00,gridsat,45.0,84.82796478271484,4
202103A,2021-10-01 12:45:00,gridsat,55.0,76.51045989990234,4
202103A,2021-10-01 18:15:00,gridsat,60.0,70.73098754882812,4
202103A,2021-10-02 00:15:00,gridsat,60.0,62.62237548828125,4
202103A,2021-10-02 06:15:00,gridsat,60.0,70.68609619140625,4
202103A,2021-10-02 18:15:00,gridsat,60.0,76.47894287109375,4
202103A,2021-10-03 00:15:00,gridsat,60.0,63.19951248168945,4
202103A,2021-10-03 06:15:00,gridsat,60.0,79.72203063964844,4
202104B,2021-11-11 11:45:00,gridsat,25.0,34.30329895019531,3
202105B,2021-12-03 08:45:00,gridsat,35.0,59.813011169433594,4
202105B,2021-12-03 21:15:00,gridsat,40.0,36.136474609375,4
202105B,2021-12-04 03:15:00,gridsat,39.54545454542918,38.62954330444336,4
202105B,2021-12-04 08:15:00,gridsat,35.0,40.90258026123047,4
202105B,2021-12-04 15:15:00,gridsat,30.0,45.53852844238281,4
202105B,2021-12-04 21:15:00,gridsat,30.0,39.01494216918945,4
202105B,2021-12-05 09:15:00,gridsat,25.0,52.8275146484375,4
202105B,2021-12-05 14:45:00,gridsat,25.0,37.63681411743164,4
202201B,2022-03-04 20:45:00,gridsat,30.0,29.4139404296875,2
202201B,2022-03-05 03:15:00,gridsat,30.0,26.618289947509766,2
202201B,2022-03-05 09:15:00,gridsat,30.0,27.95728874206543,2
202201B,2022-03-05 15:15:00,gridsat,27.727272727252437,28.458406448364258,2
202201B,2022-03-05 21:15:00,gridsat,25.0,30.283214569091797,2
202201B,2022-03-06 03:15:00,gridsat,23.25,28.188369750976562,2
202201B,2022-03-06 09:15:00,gridsat,21.136363636396663,27.88315200805664,2
202202B,2022-05-07 09:10:00,gridsat,28.0,36.75127410888672,0
202202B,2022-05-08 03:15:00,gridsat,40.454545454486265,37.7453498840332,0
202202B,2022-05-08 19:45:00,gridsat,55.0,32.13383865356445,0
202202B,2022-05-09 03:45:00,gridsat,55.0,58.009342193603516,0
202202B,2022-05-10 02:15:00,gridsat,55.0,30.221086502075195,0
202202B,2022-05-10 10:15:00,gridsat,53.18181818186892,55.604583740234375,0
202202B,2022-05-10 20:45:00,gridsat,45.45454545457082,31.469436645507812,0
202202B,2022-05-11 02:45:00,gridsat,45.0,37.24939727783203,0
202202B,2022-05-11 07:45:00,gridsat,40.0,30.300870895385742,0
202203A,2022-08-12 08:15:00,gridsat,25.0,36.869667053222656,3
202203A,2022-08-12 15:15:00,gridsat,25.0,35.753299713134766,3
202203A,2022-08-12 21:15:00,gridsat,25.0,37.07205581665039,3
202203A,2022-08-13 09:15:00,gridsat,27.9,26.287851333618164,3
202203A,2022-08-13 15:15:00,gridsat,25.786363636349485,27.301362991333008,3
202204B,2022-08-19 00:15:00,gridsat,25.0,28.79566192626953,1
202204B,2022-08-19 06:45:00,gridsat,30.0,43.46641540527344,1
202204B,2022-08-19 11:15:00,gridsat,30.0,39.699947357177734,1
202205B,2022-10-23 15:15:00,gridsat,35.0,27.14781379699707,2
202205B,2022-10-23 20:15:00,gridsat,38.99999999993861,29.997089385986328,2
202205B,2022-10-24 01:45:00,gridsat,42.72727272728964,34.262054443359375,2
202205B,2022-10-24 09:15:00,gridsat,45.0,36.662071228027344,2
202205B,2022-10-24 15:15:00,gridsat,44.54545454542918,39.722511291503906,2
202206B,2022-12-08 12:15:00,gridsat,50.0,37.94255447387695,3
202206B,2022-12-08 18:15:00,gridsat,50.0,42.47332763671875,3
202206B,2022-12-09 00:15:00,gridsat,50.0,56.58548355102539,3
202206B,2022-12-09 06:15:00,gridsat,45.0,36.32063293457031,3
202206B,2022-12-09 12:15:00,gridsat,40.0,36.518455505371094,3
202206B,2022-12-09 17:45:00,gridsat,35.500000000030695,29.251211166381836,3
202207A,2022-12-15 15:15:00,gridsat,30.0,42.265201568603516,4
202207A,2022-12-15 21:15:00,gridsat,30.0,30.889076232910156,4
202207A,2022-12-16 03:15:00,gridsat,30.0,37.99474334716797,4
202207A,2022-12-16 08:45:00,gridsat,28.181818181831712,36.19496154785156,4
202207A,2022-12-16 15:15:00,gridsat,25.0,32.40353775024414,4
202207A,2022-12-16 21:15:00,gridsat,25.0,30.377256393432617,4
202207A,2022-12-17 03:15:00,gridsat,25.0,32.27379608154297,4
202301B,2023-05-11 08:30:00,gridsat,45.0,45.07510757446289,1
202301B,2023-05-11 14:30:00,gridsat,50.0,47.20320510864258,1
202301B,2023-05-12 09:00:00,gridsat,85.0,69.6087646484375,1
202301B,2023-05-12 15:00:00,gridsat,90.0,90.47044372558594,1
202301B,2023-05-12 20:30:00,gridsat,100.0,75.59228515625,1
202301B,2023-05-13 03:00:00,gridsat,100.0,78.75212097167969,1
202301B,2023-05-13 15:30:00,gridsat,110.5000000000307,78.02558898925781,1
202301B,2023-05-13 21:30:00,gridsat,115.0,83.29525756835938,1
202302A,2023-06-06 09:00:00,gridsat,33.0,36.44318389892578,0
202302A,2023-06-06 15:30:00,gridsat,35.90909090906554,39.090675354003906,0
202302A,2023-06-07 16:00:00,gridsat,66.49999999998977,35.27628707885742,0
202302A,2023-06-08 03:00:00,gridsat,75.0,47.1845588684082,0
202302A,2023-06-08 09:00:00,gridsat,75.0,30.914499282836914,0
202302A,2023-06-08 15:00:00,gridsat,75.0,29.232357025146484,0
202302A,2023-06-09 03:00:00,gridsat,70.0,41.63665008544922,0
202303B,2023-06-09 09:00:00,gridsat,39.99,28.585153579711914,2
202302A,2023-06-09 15:00:00,gridsat,65.0,52.4471549987793,0
202303B,2023-06-09 15:00:00,gridsat,37.2,28.772682189941406,2
202302A,2023-06-09 20:30:00,gridsat,70.0,45.797332763671875,0
202303B,2023-06-09 21:00:00,gridsat,30.69,33.476863861083984,2
202302A,2023-06-10 03:00:00,gridsat,75.0,57.6336669921875,0
202303B,2023-06-10 03:10:00,gridsat,26.040000000000003,28.16901969909668,2
202302A,2023-06-10 14:00:00,gridsat,80.0,48.899078369140625,0
202302A,2023-06-11 02:00:00,gridsat,90.0,29.569461822509766,0
202302A,2023-06-11 08:30:00,gridsat,90.0,56.15019607543945,0
202302A,2023-06-12 02:00:00,gridsat,90.0,61.39816665649414,0
202302A,2023-06-12 08:00:00,gridsat,90.0,68.67404174804688,0
202302A,2023-06-12 15:00:00,gridsat,90.0,86.41993713378906,0
202302A,2023-06-13 15:00:00,gridsat,85.0,63.858253479003906,0
202302A,2023-06-13 21:00:00,gridsat,85.0,59.52556610107422,0
202302A,2023-06-14 09:00:00,gridsat,80.0,51.87364959716797,0
202302A,2023-06-14 15:00:00,gridsat,70.0,44.21955490112305,0
202302A,2023-06-14 21:00:00,gridsat,70.0,50.9695930480957,0
202302A,2023-06-15 03:00:00,gridsat,70.0,45.75267791748047,0
202302A,2023-06-15 09:00:00,gridsat,65.0,38.41313552856445,0
202302A,2023-06-15 15:00:00,gridsat,65.0,47.34026336669922,0
202304B,2023-08-01 00:00:00,gridsat,25.0,38.72907638549805,4
202304B,2023-08-01 06:00:00,gridsat,30.0,41.68975830078125,4
202305A,2023-10-21 15:30:00,gridsat,66.81818181813108,82.980712890625,3
202305A,2023-10-21 21:00:00,gridsat,80.0,87.57064819335938,3
202305A,2023-10-22 03:00:00,gridsat,95.0,84.20310974121094,3
202305A,2023-10-22 09:00:00,gridsat,95.0,81.56978607177734,3
202305A,2023-10-22 15:00:00,gridsat,95.0,80.36782836914062,3
202305A,2023-10-22 21:00:00,gridsat,95.0,69.32604217529297,3
202305A,2023-10-23 15:00:00,gridsat,70.0,52.43451690673828,3
202306B,2023-10-24 03:00:00,gridsat,65.0,90.05046081542969,1
202306B,2023-10-24 08:30:00,gridsat,65.0,41.13838195800781,1
202306B,2023-10-24 15:00:00,gridsat,55.0,52.686248779296875,1
202307B,2023-11-17 00:00:00,gridsat,35.0,53.26173400878906,3
202307B,2023-11-17 06:00:00,gridsat,45.0,30.333171844482422,3
202308B,2023-12-03 03:00:00,gridsat,35.0,28.470369338989258,2
202308B,2023-12-03 09:00:00,gridsat,35.0,33.467010498046875,2
202308B,2023-12-03 14:30:00,gridsat,39.090909090858354,28.19085693359375,2
202308B,2023-12-03 20:00:00,gridsat,45.0,46.58726501464844,2
202308B,2023-12-04 03:00:00,gridsat,50.0,35.12489700317383,2
202401B,2024-05-25 18:30:00,gridsat,40.49999999993861,30.44515609741211,0
202401B,2024-05-26 00:00:00,gridsat,50.0,37.1123046875,0
202401B,2024-05-26 06:00:00,gridsat,50.0,43.01703643798828,0
202401B,2024-05-26 12:00:00,gridsat,60.0,32.274715423583984,0
202402A,2024-08-30 06:00:00,gridsat,35.0,36.736358642578125,1
202402A,2024-08-30 12:00:00,gridsat,35.0,36.66481018066406,1
202402A,2024-08-30 18:00:00,gridsat,35.0,37.1218376159668,1
202402A,2024-08-31 00:00:00,gridsat,40.0,45.35558319091797,1
202402A,2024-08-31 06:00:00,gridsat,40.0,53.76539993286133,1
202402A,2024-08-31 12:00:00,gridsat,40.0,45.0532341003418,1
202402A,2024-08-31 18:00:00,gridsat,40.0,45.271812438964844,1
202402A,2024-09-01 00:00:00,gridsat,40.0,42.01897048950195,1
202402A,2024-09-01 06:00:00,gridsat,35.0,34.440185546875,1
202402A,2024-09-01 12:00:00,gridsat,30.0,35.374481201171875,1
202402A,2024-09-01 18:00:00,gridsat,30.0,28.16645622253418,1
202402A,2024-09-01 22:30:00,gridsat,22.72727272728964,28.810007095336914,1
202403B,2024-10-23 13:00:00,gridsat,45.0,39.776123046875,4
202403B,2024-10-24 00:30:00,gridsat,55.0,43.92387008666992,4
202403B,2024-10-25 00:30:00,gridsat,49.090909090858354,45.7354621887207,4
202404B,2024-11-30 09:30:00,gridsat,44.09090909093446,29.798112869262695,2
202404B,2024-11-30 15:00:00,gridsat,40.0,34.60915756225586,2
202404B,2024-11-30 21:00:00,gridsat,35.0,29.52389144897461,2
202501B,2025-10-01 12:00:00,gridsat,25.0,30.821245193481445,3
202501B,2025-10-01 18:00:00,gridsat,30.0,29.698890686035156,3
202501B,2025-10-02 00:00:00,gridsat,30.0,31.629371643066406,3
202501B,2025-10-02 06:00:00,gridsat,30.0,39.51292419433594,3
202502A,2025-10-03 05:30:00,gridsat,34.090909090858354,43.4638786315918,0
202502A,2025-10-03 12:30:00,gridsat,40.0,55.76342010498047,0
202502A,2025-10-03 18:00:00,gridsat,45.0,54.77863311767578,0
202502A,2025-10-04 00:00:00,gridsat,50.0,62.8983039855957,0
202502A,2025-10-04 06:00:00,gridsat,55.0,58.308563232421875,0
202502A,2025-10-04 12:00:00,gridsat,55.0,53.26300811767578,0
202502A,2025-10-04 17:00:00,gridsat,55.0,58.43574523925781,0
202502A,2025-10-05 05:30:00,gridsat,60.0,50.0001220703125,0
202502A,2025-10-05 18:00:00,gridsat,50.0,43.14350891113281,0
202502A,2025-10-06 00:00:00,gridsat,45.0,33.01233673095703,0
202502A,2025-10-06 06:00:00,gridsat,40.0,24.177997589111328,0
202502A,2025-10-06 12:00:00,gridsat,35.0,24.824350357055664,0
202502A,2025-10-06 18:00:00,gridsat,30.0,25.854413986206055,0
202502A,2025-10-06 22:30:00,gridsat,30.0,21.268457412719727,0
202503B,2025-10-26 18:00:00,gridsat,35.0,26.761924743652344,1
202503B,2025-10-27 00:00:00,gridsat,35.0,27.36318016052246,1
202503B,2025-10-27 06:00:00,gridsat,40.0,30.22517204284668,1
202503B,2025-10-27 13:00:00,gridsat,45.0,30.347625732421875,1
202503B,2025-10-27 18:00:00,gridsat,45.0,27.66936683654785,1
202503B,2025-10-27 23:30:00,gridsat,49.09090909093446,46.55430221557617,1
202503B,2025-10-28 06:00:00,gridsat,50.0,39.76622772216797,1
202503B,2025-10-28 12:00:00,gridsat,50.0,40.735294342041016,1
202503B,2025-10-28 17:00:00,gridsat,50.0,27.254953384399414,1
202505B,2025-11-27 09:00:00,gridsat,35.0,36.517303466796875,1
202505B,2025-11-29 03:00:00,gridsat,40.0,27.453777313232422,1
202505B,2025-11-29 09:00:00,gridsat,40.0,28.52504539489746,1
202505B,2025-11-29 15:00:00,gridsat,40.0,26.63951301574707,1
202505B,2025-11-29 21:00:00,gridsat,40.0,27.81987190246582,1
202505B,2025-11-30 03:00:00,gridsat,40.0,26.6455020904541,1
202505B,2025-11-30 09:00:00,gridsat,35.0,25.623685836791992,1
202505B,2025-11-30 15:00:00,gridsat,30.0,28.080663681030273,1
201401B,2014-01-04 07:30:00,insat,25.0,25.079240798950195,1
201401B,2014-01-04 12:00:00,insat,25.0,23.607255935668945,1
201401B,2014-01-04 18:00:00,insat,25.0,26.076772689819336,1
201401B,2014-01-05 00:00:00,insat,25.0,35.642093658447266,1
201401B,2014-01-05 06:00:00,insat,25.0,29.0697078704834,1
201401B,2014-01-05 12:00:00,insat,25.0,24.727638244628906,1
201401B,2014-01-05 18:00:00,insat,25.0,26.886913299560547,1
201401B,2014-01-06 00:00:00,insat,25.0,25.22186851501465,1
201402A,2014-06-10 03:00:00,insat,35.34,30.295372009277344,1
201402A,2014-06-10 20:00:00,insat,31.90909090906554,61.62825012207031,1
201402A,2014-06-11 03:00:00,insat,35.0,46.84168243408203,1
201402A,2014-06-11 09:30:00,insat,45.0,42.987239837646484,1
201402A,2014-06-12 03:30:00,insat,45.0,56.71809768676758,1
201402A,2014-06-12 15:00:00,insat,45.0,48.57571792602539,1
201402A,2014-06-13 09:00:00,insat,30.0,35.65237808227539,1
201402A,2014-06-13 15:00:00,insat,25.0,36.24751281738281,1
201402A,2014-06-13 21:00:00,insat,25.0,25.883869171142578,1
201402A,2014-06-14 02:30:00,insat,17.56600000005071,29.98406219482422,1
201403B,2014-10-08 10:30:00,insat,40.0,33.60383224487305,1
201403B,2014-10-09 01:30:00,insat,50.45454545457928,50.84855270385742,1
201403B,2014-10-09 05:00:00,insat,55.0,35.33462142944336,1
201403B,2014-10-11 06:00:00,insat,90.0,78.3531723022461,1
201403B,2014-10-11 12:00:00,insat,95.0,87.4874267578125,1
201403B,2014-10-11 23:30:00,insat,100.0,98.20599365234375,1
201403B,2014-10-12 06:00:00,insat,100.0,100.2325439453125,1
201404A,2014-10-25 23:30:00,insat,25.0,40.396385192871094,0
201404A,2014-10-26 06:00:00,insat,35.0,39.802696228027344,0
201404A,2014-10-26 13:30:00,insat,40.0,62.502567291259766,0
201404A,2014-10-27 00:00:00,insat,55.0,67.61857604980469,0
201404A,2014-10-27 05:00:00,insat,63.63636363635518,63.11214065551758,0
201404A,2014-10-27 12:30:00,insat,70.0,69.76263427734375,0
201404A,2014-10-28 01:00:00,insat,75.0,47.631065368652344,0
201404A,2014-10-28 06:00:00,insat,80.0,87.54508972167969,0
201404A,2014-10-28 12:00:00,insat,100.0,99.45183563232422,0
201404A,2014-10-29 00:00:00,insat,105.0,87.59658813476562,0
201404A,2014-10-29 12:30:00,insat,78.99999999993861,43.189205169677734,0
201404A,2014-10-30 00:00:00,insat,60.0,38.25260543823242,0
201404A,2014-10-30 12:00:00,insat,40.0,35.42735290527344,0
201404A,2014-10-31 00:00:00,insat,25.0,26.75161361694336,0
201404A,2014-10-31 05:30:00,insat,23.757272727258574,24.89301109313965,0
201405B,2014-11-06 05:00:00,insat,30.0,34.62031173706055,3
201405B,2014-11-06 12:00:00,insat,30.0,34.57452392578125,3
201405B,2014-11-07 06:00:00,insat,25.0,22.24249267578125,3
201405B,2014-11-07 12:00:00,insat,25.0,23.980134963989258,3
201405B,2014-11-08 00:00:00,insat,25.0,22.192523956298828,3
201405B,2014-11-08 05:30:00,insat,18.6,23.449186325073242,3
201501A,2015-06-07 09:00:00,insat,25.0,50.1128044128418,4
201501A,2015-06-07 15:00:00,insat,25.0,51.40004348754883,4
201501A,2015-06-07 21:00:00,insat,28.0,58.832210540771484,4
201501A,2015-06-08 03:00:00,insat,35.0,59.154930114746094,4
201501A,2015-06-08 21:00:00,insat,35.0,53.34284591674805,4
201501A,2015-06-09 03:00:00,insat,35.0,49.664527893066406,4
201501A,2015-06-09 15:00:00,insat,40.0,49.57552719116211,4
201501A,2015-06-09 21:00:00,insat,45.0,55.23944091796875,4
201501A,2015-06-10 03:00:00,insat,45.0,62.693199157714844,4
201501A,2015-06-10 21:00:00,insat,45.0,37.49899673461914,4
201501A,2015-06-11 03:00:00,insat,40.0,48.63490295410156,4
201501A,2015-06-11 09:00:00,insat,35.0,58.2021598815918,4
201501A,2015-06-11 15:00:00,insat,35.0,57.23356628417969,4
201501A,2015-06-11 21:00:00,insat,28.0,40.66526794433594,4
201502B,2015-07-29 01:00:00,insat,30.0,31.743833541870117,3
201502B,2015-07-29 06:00:00,insat,30.0,33.018463134765625,3
201502B,2015-07-29 12:00:00,insat,30.0,30.668434143066406,3
201502B,2015-07-29 18:00:00,insat,35.0,28.888225555419922,3
201502B,2015-07-30 00:00:00,insat,35.0,33.27852249145508,3
201502B,2015-07-30 06:00:00,insat,40.0,35.40266418457031,3
201503A,2015-10-09 21:00:00,insat,30.0,31.07221031188965,2
201503A,2015-10-10 03:30:00,insat,30.0,31.211870193481445,2
201503A,2015-10-10 09:00:00,insat,30.0,38.00751495361328,2
201503A,2015-10-10 15:00:00,insat,30.0,32.30411148071289,2
201503A,2015-10-10 21:00:00,insat,30.0,32.76506805419922,2
201503A,2015-10-11 03:00:00,insat,25.0,27.605884552001953,2
201503A,2015-10-11 09:00:00,insat,25.0,31.70200538635254,2
201503A,2015-10-11 15:00:00,insat,25.0,30.792875289916992,2
201503A,2015-10-11 21:00:00,insat,23.0,27.13483428955078,2
201504A,2015-10-28 20:30:00,insat,32.45454545456067,51.79447555541992,2
201504A,2015-10-29 03:00:00,insat,40.0,46.455448150634766,2
201504A,2015-10-29 09:00:00,insat,50.0,65.7621078491211,2
201504A,2015-10-29 15:00:00,insat,60.0,86.00074768066406,2
201504A,2015-10-29 21:30:00,insat,77.72727272719662,51.864627838134766,2
201504A,2015-10-30 03:00:00,insat,105.0,109.07331848144531,2
201504A,2015-10-30 15:00:00,insat,115.0,87.82783508300781,2
201504A,2015-10-31 03:00:00,insat,110.0,75.8330078125,2
201504A,2015-10-31 09:00:00,insat,105.0,85.32599639892578,2
201504A,2015-10-31 15:00:00,insat,105.0,92.03285217285156,2
201504A,2015-10-31 21:00:00,insat,105.0,78.90634155273438,2
201504A,2015-11-01 04:00:00,insat,103.1818181817759,78.44012451171875,2
201504A,2015-11-01 09:00:00,insat,100.0,88.23477172851562,2
201504A,2015-11-01 15:00:00,insat,100.0,103.05047607421875,2
201504A,2015-11-01 21:00:00,insat,100.0,106.39863586425781,2
201504A,2015-11-02 03:00:00,insat,95.0,97.69819641113281,2
201504A,2015-11-02 09:00:00,insat,90.0,94.29076385498047,2
201504A,2015-11-02 15:00:00,insat,85.0,80.59117126464844,2
201504A,2015-11-03 03:30:00,insat,53.18181818186892,50.42723846435547,2
201505A,2015-11-05 08:00:00,insat,31.90909090908584,33.56029510498047,0
201505A,2015-11-05 14:30:00,insat,39.09090909093446,28.5966739654541,0
201505A,2015-11-06 09:00:00,insat,45.0,31.0722713470459,0
201505A,2015-11-06 15:00:00,insat,45.0,35.48166275024414,0
201505A,2015-11-07 09:00:00,insat,55.0,69.71501159667969,0
201505A,2015-11-07 21:00:00,insat,80.0,67.05933380126953,0
201505A,2015-11-08 03:00:00,insat,90.0,87.74764251708984,0
201505A,2015-11-08 08:00:00,insat,95.0,85.57634735107422,0
201505A,2015-11-09 03:30:00,insat,80.0,46.8216667175293,0
201505A,2015-11-09 09:00:00,insat,75.0,35.958274841308594,0
201505A,2015-11-09 15:00:00,insat,65.0,32.858680725097656,0
201505A,2015-11-09 21:00:00,insat,60.0,30.522924423217773,0
201601B,2016-05-19 15:00:00,insat,40.0,36.676448822021484,4
201601B,2016-05-19 21:00:00,insat,40.0,39.802181243896484,4
201601B,2016-05-20 10:00:00,insat,40.0,48.8297119140625,4
201601B,2016-05-20 15:00:00,insat,40.0,42.64182662963867,4
201602A,2016-06-27 09:00:00,insat,25.0,44.22007751464844,0
201602A,2016-06-27 15:00:00,insat,25.0,32.11091232299805,0
201602A,2016-06-28 03:00:00,insat,25.0,27.51654815673828,0
201602A,2016-06-28 21:00:00,insat,25.0,26.774240493774414,0
201603B,2016-10-25 04:30:00,insat,35.0,31.302946090698242,3
201603B,2016-10-25 11:30:00,insat,35.0,30.280712127685547,3
201603B,2016-10-26 12:00:00,insat,40.0,34.08458709716797,3
201603B,2016-10-27 00:00:00,insat,30.0,28.102643966674805,3
201603B,2016-10-27 04:30:00,insat,30.0,27.213857650756836,3
201604B,2016-11-30 03:30:00,insat,35.0,30.13024139404297,2
201604B,2016-11-30 09:00:00,insat,35.0,31.233835220336914,2
201604B,2016-11-30 15:00:00,insat,40.0,27.28145408630371,2
201604B,2016-11-30 21:00:00,insat,40.0,29.946956634521484,2
201604B,2016-12-01 03:00:00,insat,30.0,29.90549659729004,2
201604B,2016-12-01 09:00:00,insat,30.0,30.96269989013672,2
201604B,2016-12-01 15:00:00,insat,28.0,31.979217529296875,2
201604B,2016-12-01 21:00:00,insat,25.0,26.463388442993164,2
201605B,2016-12-07 15:00:00,insat,28.0,50.820552825927734,4
201605B,2016-12-07 20:30:00,insat,32.45454545456067,51.587158203125,4
201605B,2016-12-08 03:30:00,insat,35.0,49.412010192871094,4
201605B,2016-12-08 09:00:00,insat,35.0,45.30559539794922,4
201605B,2016-12-08 15:00:00,insat,40.0,44.05414581298828,4
201605B,2016-12-08 20:30:00,insat,40.0,60.875091552734375,4
201605B,2016-12-09 09:00:00,insat,45.0,49.25213623046875,4
201605B,2016-12-10 02:30:00,insat,55.0,71.96905517578125,4
201605B,2016-12-10 15:00:00,insat,65.0,62.98247528076172,4
201605B,2016-12-10 21:00:00,insat,65.0,61.38444519042969,4
201605B,2016-12-11 21:00:00,insat,70.0,84.50473022460938,4
201605B,2016-12-12 04:00:00,insat,70.0,61.52613067626953,4
201701B,2017-04-16 03:00:00,insat,40.0,48.16826248168945,3
201701B,2017-04-16 09:10:00,insat,40.0,48.59029769897461,3
201701B,2017-04-16 15:40:00,insat,40.0,36.655757904052734,3
201702B,2017-05-28 07:00:00,insat,26.36363636361945,29.853620529174805,2
201702B,2017-05-28 12:10:00,insat,30.454545454570823,42.6422119140625,2
201702B,2017-05-28 18:10:00,insat,35.45454545457082,32.77714157104492,2
201702B,2017-05-29 00:10:00,insat,45.0,40.5970573425293,2
201702B,2017-05-29 13:10:00,insat,51.8181818182241,71.5682373046875,2
201702B,2017-05-29 22:40:00,insat,60.0,87.82754516601562,2
201703B,2017-11-30 03:00:00,insat,35.0,37.26000213623047,3
201703A,2017-11-30 08:30:00,insat,44.09090909093446,50.832542419433594,1
201703B,2017-11-30 14:30:00,insat,45.0,36.989986419677734,3
201703B,2017-12-01 03:00:00,insat,55.0,53.996116638183594,3
201703B,2017-12-01 09:30:00,insat,65.0,37.842891693115234,3
201703B,2017-12-01 15:30:00,insat,65.90909090906554,58.4387092590332,3
201703B,2017-12-01 22:00:00,insat,76.50000000002046,57.16731262207031,3
201703B,2017-12-02 03:00:00,insat,80.0,65.93134307861328,3
201703B,2017-12-02 09:00:00,insat,85.0,65.53028106689453,3
201703B,2017-12-03 04:00:00,insat,78.50000000001023,38.37683868408203,3
201703B,2017-12-03 14:30:00,insat,75.0,43.23521423339844,3
201703B,2017-12-03 21:00:00,insat,75.0,35.2675666809082,3
201703B,2017-12-04 04:00:00,insat,65.0,31.826557159423828,3
201703B,2017-12-05 09:00:00,insat,30.0,33.52912521362305,3
201703B,2017-12-05 17:00:00,insat,21.499999999989768,21.4296875,3
201704B,2017-12-08 21:00:00,insat,25.0,33.67529296875,0
201704B,2017-12-09 03:00:00,insat,25.0,29.77157211303711,0
201704B,2017-12-09 09:00:00,insat,27.9,24.292543411254883,0
201704B,2017-12-09 15:00:00,insat,26.040000000000003,24.870969772338867,0
201704B,2017-12-09 21:00:00,insat,23.25,27.101966857910156,0
201704B,2017-12-10 03:45:00,insat,20.62909090908619,26.69620132446289,0
201801A,2018-05-17 00:00:00,insat,30.0,43.413780212402344,2
201801A,2018-05-17 11:00:00,insat,38.1818181817759,44.39324188232422,2
201801A,2018-05-17 18:00:00,insat,40.0,33.18890380859375,2
201801A,2018-05-18 00:00:00,insat,45.0,42.26587677001953,2
201801A,2018-05-18 18:00:00,insat,45.0,38.20011520385742,2
201802A,2018-05-22 12:00:00,insat,35.0,58.027198791503906,1
201802A,2018-05-23 19:00:00,insat,70.0,81.830322265625,1
201802A,2018-05-24 12:30:00,insat,80.0,62.33162307739258,1
201802A,2018-05-24 16:45:00,insat,80.0,90.64723205566406,1
201802A,2018-05-24 23:00:00,insat,83.1818181817759,84.5257568359375,1
201802A,2018-05-25 19:00:00,insat,93.63636363635518,87.21421813964844,1
201805A,2018-10-08 06:00:00,insat,40.0,39.87559509277344,2
201805A,2018-10-08 12:00:00,insat,45.0,42.36076354980469,2
201805A,2018-10-08 23:00:00,insat,45.0,51.53504180908203,2
201805A,2018-10-09 06:30:00,insat,45.90909090906554,47.07185745239258,2
201805A,2018-10-09 12:00:00,insat,55.0,47.02351379394531,2
201805A,2018-10-10 05:30:00,insat,73.18181818186892,72.52193450927734,2
201806B,2018-10-10 06:00:00,insat,70.0,82.80355834960938,0
201805A,2018-10-10 12:00:00,insat,75.0,74.2479248046875,2
201806B,2018-10-10 12:00:00,insat,80.0,86.58393859863281,0
201805A,2018-10-10 23:45:00,insat,75.0,43.444496154785156,2
201806B,2018-10-10 23:15:00,insat,80.0,100.18846130371094,0
201805A,2018-10-11 05:45:00,insat,70.0,49.163665771484375,2
201805A,2018-10-11 12:15:00,insat,70.0,46.153961181640625,2
201805A,2018-10-11 23:45:00,insat,60.45454545457082,39.40433883666992,2
201805A,2018-10-12 06:15:00,insat,50.0,53.921722412109375,2
201805A,2018-10-12 12:00:00,insat,50.0,37.982208251953125,2
201805A,2018-10-13 00:15:00,insat,44.54545454542918,41.044212341308594,2
201805A,2018-10-13 06:15:00,insat,40.0,41.651512145996094,2
201805A,2018-10-13 12:00:00,insat,40.0,39.33686447143555,2
201805A,2018-10-14 00:00:00,insat,40.0,40.85470199584961,2
201807B,2018-11-10 20:45:00,insat,32.72727272725751,38.6026611328125,3
201807B,2018-11-11 03:15:00,insat,35.454545454486265,37.2711067199707,3
201807B,2018-11-11 09:15:00,insat,40.0,32.327964782714844,3
201807B,2018-11-11 15:15:00,insat,40.0,30.179969787597656,3
201807B,2018-11-11 20:45:00,insat,40.0,32.478759765625,3
201807B,2018-11-12 02:45:00,insat,40.0,35.363128662109375,3
201807B,2018-11-12 08:45:00,insat,40.0,30.82271957397461,3
201807B,2018-11-12 15:15:00,insat,40.45454545457082,34.113311767578125,3
201807B,2018-11-12 21:15:00,insat,44.54545454542072,38.10877227783203,3
201807B,2018-11-13 03:15:00,insat,40.0,35.78495788574219,3
201807B,2018-11-13 09:15:00,insat,40.0,35.2880859375,3
201807B,2018-11-13 15:15:00,insat,40.0,33.63538360595703,3
201807B,2018-11-14 09:00:00,insat,45.0,44.403343200683594,3
201807B,2018-11-14 15:45:00,insat,45.0,38.84651184082031,3
201807B,2018-11-15 08:45:00,insat,55.0,41.52667999267578,3
201807B,2018-11-15 15:45:00,insat,65.99999999997954,64.09054565429688,3
201807B,2018-11-16 19:45:00,insat,26.636363636373783,30.42504119873047,3
201807B,2018-11-17 03:15:00,insat,30.0,32.626529693603516,3
201807B,2018-11-17 10:15:00,insat,30.0,32.15595626831055,3
201807B,2018-11-17 13:45:00,insat,30.0,32.21498107910156,3
201807B,2018-11-18 09:15:00,insat,30.0,37.202091217041016,3
201807B,2018-11-18 15:15:00,insat,30.0,29.49551773071289,3
201807B,2018-11-18 21:15:00,insat,30.0,27.80309295654297,3
201807B,2018-11-19 03:15:00,insat,29.545454545429177,29.49346160888672,3
201807B,2018-11-19 09:15:00,insat,25.0,25.827579498291016,3
201808B,2018-12-15 15:15:00,insat,35.0,50.53130340576172,4
201808B,2018-12-16 21:00:00,insat,55.0,62.83197021484375,4
201808B,2018-12-17 09:15:00,insat,39.090909090858354,46.90433883666992,4
201901B,2019-04-27 14:45:00,insat,45.0,35.03988265991211,0
201901B,2019-04-28 02:45:00,insat,45.0,32.369205474853516,0
201901B,2019-04-28 09:15:00,insat,45.0,31.66944694519043,0
201901B,2019-04-28 15:15:00,insat,45.0,29.44188690185547,0
201901B,2019-04-30 08:45:00,insat,84.4999999999693,63.804542541503906,0
201901B,2019-05-01 04:15:00,insat,95.0,55.01355743408203,0
201901B,2019-05-01 09:15:00,insat,95.45454545457082,89.33460998535156,0
201901B,2019-05-01 15:15:00,insat,100.0,85.656982421875,0
201901B,2019-05-02 03:45:00,insat,105.99999999995909,90.4754638671875,0
201901B,2019-05-02 09:15:00,insat,115.0,105.83522033691406,0
201901B,2019-05-02 14:45:00,insat,115.0,110.3731689453125,0
201902A,2019-06-10 14:45:00,insat,32.699999999981586,35.05003356933594,2
201902A,2019-06-10 20:45:00,insat,35.0,31.500577926635742,2
201902A,2019-06-11 03:45:00,insat,41.00000000006139,33.35565185546875,2
201902A,2019-06-11 09:15:00,insat,45.909090909141646,41.14549255371094,2
201902A,2019-06-11 14:45:00,insat,59.545454545513735,62.946197509765625,2
201902A,2019-06-11 20:45:00,insat,69.50000000006139,45.164100646972656,2
201902A,2019-06-12 10:15:00,insat,80.0,69.21821594238281,2
201902A,2019-06-12 16:15:00,insat,80.0,54.31917190551758,2
201902A,2019-06-13 08:15:00,insat,80.0,89.7458267211914,2
201902A,2019-06-13 15:15:00,insat,80.0,87.83585357666016,2
201902A,2019-06-14 01:45:00,insat,77.27272727271036,71.64521789550781,2
201902A,2019-06-14 09:15:00,insat,74.54545454542918,50.080135345458984,2
201902A,2019-06-14 14:45:00,insat,70.0,57.71320343017578,2
201902A,2019-06-15 03:15:00,insat,65.0,69.91643524169922,2
201902A,2019-06-15 07:45:00,insat,65.0,58.7656364440918,2
201902A,2019-06-15 15:15:00,insat,65.0,62.10886001586914,2
201902A,2019-06-15 20:45:00,insat,65.0,55.39160919189453,2
201902A,2019-06-16 03:15:00,insat,55.0,49.086082458496094,2
201902A,2019-06-16 08:15:00,insat,55.0,60.68271255493164,2
201902A,2019-06-16 14:45:00,insat,45.45454545457928,47.70016098022461,2
201902A,2019-06-16 21:15:00,insat,39.54545454542918,33.37117004394531,2
201902A,2019-06-17 03:15:00,insat,30.0,28.260391235351562,2
201902A,2019-06-17 09:15:00,insat,25.0,30.552753448486328,2
201903A,2019-09-23 03:45:00,insat,41.36363636361945,52.55392074584961,1
201903A,2019-09-23 09:15:00,insat,55.0,48.252506256103516,1
201903A,2019-09-23 14:45:00,insat,55.0,74.79196166992188,1
201903A,2019-09-24 01:45:00,insat,72.7272727272389,51.8248176574707,1
201903A,2019-09-24 14:15:00,insat,64.09090909093446,44.35932540893555,1
201904A,2019-10-25 12:45:00,insat,51.36363636361945,79.6750259399414,1
201904A,2019-10-25 22:45:00,insat,62.72727272733192,75.93192291259766,1
201904A,2019-10-26 07:15:00,insat,77.27272727271036,81.994873046875,1
201904A,2019-10-26 12:15:00,insat,85.45454545448627,105.50669860839844,1
201904A,2019-10-27 00:15:00,insat,120.45454545448628,105.236572265625,1
201904A,2019-10-27 06:15:00,insat,125.0,105.81777954101562,1
201904A,2019-10-27 11:45:00,insat,130.0,106.64402770996094,1
201904A,2019-10-28 00:15:00,insat,125.0,100.23722839355469,1
201904A,2019-10-28 06:15:00,insat,125.0,102.71505737304688,1
201904A,2019-10-28 12:15:00,insat,125.0,97.661865234375,1
201904A,2019-10-29 06:15:00,insat,109.54545454551372,93.86943054199219,1
201904A,2019-10-29 11:45:00,insat,100.45454545457082,82.29583740234375,1
201904A,2019-10-29 23:15:00,insat,86.36363636364482,51.41012954711914,1
201904A,2019-10-30 12:15:00,insat,64.54545454542918,36.270668029785156,1
201905A,2019-10-30 12:15:00,insat,35.45454545457082,31.015731811523438,0
201904A,2019-10-30 23:45:00,insat,50.45454545457082,26.009584426879883,1
201904A,2019-10-31 05:45:00,insat,40.45454545457928,28.83301544189453,1
201906A,2019-12-03 09:15:00,insat,30.0,30.706594467163086,3
201906A,2019-12-03 15:15:00,insat,30.0,32.36864471435547,3
201907A,2019-12-03 15:15:00,insat,40.31818181809633,29.375619888305664,1
201906A,2019-12-03 20:15:00,insat,30.0,44.02826690673828,3
201907A,2019-12-03 20:45:00,insat,27.700000000036837,23.983543395996094,1
201906A,2019-12-04 02:45:00,insat,30.0,41.95116424560547,3
201907A,2019-12-04 03:15:00,insat,30.0,29.767654418945312,1
201906A,2019-12-04 09:15:00,insat,30.0,38.51740646362305,3
201907A,2019-12-04 08:45:00,insat,30.0,24.098262786865234,1
201906A,2019-12-04 14:45:00,insat,30.0,31.72505760192871,3
201907A,2019-12-04 15:15:00,insat,30.0,19.81084632873535,1
201906A,2019-12-04 20:45:00,insat,32.72727272725751,40.935123443603516,3
201907A,2019-12-04 20:45:00,insat,28.18181818182833,22.626110076904297,1
201906A,2019-12-05 02:45:00,insat,35.0,38.24314880371094,3
201906A,2019-12-05 15:00:00,insat,35.0,33.992149353027344,3
201906A,2019-12-05 20:45:00,insat,35.0,36.852840423583984,3
201906A,2019-12-06 09:45:00,insat,35.0,42.29140090942383,3
201906A,2019-12-06 14:45:00,insat,35.0,44.56835174560547,3
201906A,2019-12-06 20:45:00,insat,35.0,52.40522766113281,3
202001B,2020-05-18 08:45:00,insat,120.0,113.90643310546875,4
202001B,2020-05-18 15:15:00,insat,125.0,114.21330261230469,4
202001B,2020-05-18 22:15:00,insat,127.72727272728964,69.19219207763672,4
202001B,2020-05-19 07:45:00,insat,112.00000000002046,67.94432067871094,4
202001B,2020-05-19 15:15:00,insat,100.0,68.63337707519531,4
202001B,2020-05-20 01:45:00,insat,95.0,68.50263977050781,4
202002A,2020-06-02 23:45:00,insat,49.545454545420725,61.69397735595703,4
202002A,2020-06-03 06:15:00,insat,60.0,76.36017608642578,4
202003A,2020-11-22 06:15:00,insat,51.36363636345879,96.30664825439453,4
202003A,2020-11-22 11:45:00,insat,74.09090909102747,83.91014099121094,4
202003A,2020-11-23 11:45:00,insat,30.0,37.263858795166016,4
202003A,2020-11-23 17:45:00,insat,30.0,32.47761535644531,4
202004B,2020-11-23 18:15:00,insat,30.27272727269176,30.391159057617188,2
202003A,2020-11-23 23:45:00,insat,25.272727272742493,35.05537414550781,4
202004B,2020-11-23 23:45:00,insat,34.818181818171674,29.43927764892578,2
202003A,2020-11-24 05:15:00,insat,22.363636363647355,35.561866760253906,4
202004B,2020-11-25 06:45:00,insat,60.99999999995907,48.18976593017578,2
202004B,2020-11-25 13:15:00,insat,65.0,37.53440856933594,2
202004B,2020-11-25 18:45:00,insat,64.09090909093446,48.42618179321289,2
202005B,2020-12-01 19:30:00,insat,35.0,28.734386444091797,1
202005B,2020-12-02 11:15:00,insat,45.0,27.66282081604004,1
202005B,2020-12-02 17:45:00,insat,45.0,27.585405349731445,1
202005B,2020-12-02 22:45:00,insat,40.0,34.484893798828125,1
202005B,2020-12-03 06:45:00,insat,39.09090909093446,29.040897369384766,1
202005B,2020-12-03 12:00:00,insat,30.0,27.756786346435547,1
202005B,2020-12-03 23:45:00,insat,30.0,25.08734130859375,1
202005B,2020-12-04 06:15:00,insat,29.81818181817167,27.599485397338867,1
202005B,2020-12-04 11:45:00,insat,25.27272727269176,28.17901039123535,1
202005B,2020-12-05 05:15:00,insat,18.98181818181345,27.50943946838379,1
202101A,2021-05-14 09:45:00,insat,30.0,27.682741165161133,1
202101A,2021-05-14 15:15:00,insat,33.181818181794505,29.497987747192383,1
202101A,2021-05-15 03:15:00,insat,40.454545454486265,32.833465576171875,1
202101A,2021-05-16 15:15:00,insat,80.45454545457928,83.25323486328125,1
202101A,2021-05-16 21:15:00,insat,90.90909090915856,97.9733657836914,1
202101A,2021-05-17 02:45:00,insat,100.0,97.35162353515625,1
202101A,2021-05-17 09:15:00,insat,100.0,91.18814086914062,1
202101A,2021-05-17 15:15:00,insat,89.54545454551373,94.79670715332031,1
202102B,2021-05-24 03:15:00,insat,40.0,33.42115020751953,3
202102B,2021-05-24 08:45:00,insat,40.0,30.03533172607422,3
202102B,2021-05-24 15:15:00,insat,45.454545454486265,39.39038848876953,3
202103B,2021-09-24 12:10:00,insat,25.0,26.314697265625,2
202103B,2021-09-26 00:15:00,insat,40.0,30.821002960205078,2
202103B,2021-09-26 06:15:00,insat,45.0,32.96741485595703,2
202103A,2021-10-01 00:45:00,insat,36.36363636361945,63.77911376953125,4
202103A,2021-10-01 06:15:00,insat,45.0,81.92506408691406,4
202103A,2021-10-01 12:45:00,insat,55.0,78.03575897216797,4
202103A,2021-10-02 00:15:00,insat,60.0,63.07373809814453,4
202103A,2021-10-02 06:15:00,insat,60.0,77.49101257324219,4
202103A,2021-10-03 00:15:00,insat,60.0,64.94076538085938,4
202103A,2021-10-03 06:15:00,insat,60.0,82.36930847167969,4
202104B,2021-11-11 11:45:00,insat,25.0,33.63008117675781,3
202105B,2021-12-03 08:45:00,insat,35.0,58.179691314697266,4
202105B,2021-12-03 21:15:00,insat,40.0,37.66965103149414,4
202105B,2021-12-04 03:15:00,insat,39.54545454542918,43.868499755859375,4
202105B,2021-12-04 08:15:00,insat,35.0,42.8055419921875,4
202105B,2021-12-05 09:15:00,insat,25.0,49.471900939941406,4
202105B,2021-12-05 14:45:00,insat,25.0,47.7791862487793,4
202201B,2022-03-04 20:45:00,insat,30.0,31.54775047302246,2
202201B,2022-03-05 03:15:00,insat,30.0,27.199676513671875,2
202201B,2022-03-05 09:15:00,insat,30.0,31.264867782592773,2
202201B,2022-03-05 15:15:00,insat,27.727272727252437,30.98346519470215,2
202201B,2022-03-05 21:15:00,insat,25.0,33.18820571899414,2
202201B,2022-03-06 03:15:00,insat,23.25,30.869140625,2
202201B,2022-03-06 09:15:00,insat,21.136363636396663,30.506267547607422,2
202202B,2022-05-07 09:10:00,insat,28.0,43.30282974243164,0
202202B,2022-05-08 03:15:00,insat,40.454545454486265,57.88099670410156,0
202202B,2022-05-09 03:45:00,insat,55.0,68.81204223632812,0
202202B,2022-05-10 02:15:00,insat,55.0,54.259037017822266,0
202202B,2022-05-10 10:15:00,insat,53.18181818186892,55.325706481933594,0
202202B,2022-05-11 02:45:00,insat,45.0,37.9927978515625,0
202202B,2022-05-11 07:45:00,insat,40.0,31.688066482543945,0
202203A,2022-08-12 08:15:00,insat,25.0,40.63398361206055,3
202203A,2022-08-12 15:15:00,insat,25.0,39.996368408203125,3
202203A,2022-08-12 21:15:00,insat,25.0,39.33972930908203,3
202203A,2022-08-13 09:15:00,insat,27.9,26.556171417236328,3
202203A,2022-08-13 15:15:00,insat,25.786363636349485,24.644136428833008,3
202204B,2022-08-19 00:15:00,insat,25.0,30.444725036621094,1
202204B,2022-08-19 06:45:00,insat,30.0,41.31853485107422,1
202204B,2022-08-19 11:15:00,insat,30.0,40.75724792480469,1
202205B,2022-10-23 15:15:00,insat,35.0,29.21986198425293,2
202205B,2022-10-23 20:15:00,insat,38.99999999993861,31.517303466796875,2
202205B,2022-10-24 01:45:00,insat,42.72727272728964,40.40953826904297,2
202205B,2022-10-24 09:15:00,insat,45.0,49.32667541503906,2
202205B,2022-10-24 15:15:00,insat,44.54545454542918,53.887332916259766,2
202206B,2022-12-08 12:15:00,insat,50.0,50.68117904663086,3
202206B,2022-12-08 18:15:00,insat,50.0,45.93741989135742,3
202206B,2022-12-09 00:15:00,insat,50.0,56.70986557006836,3
202206B,2022-12-09 06:15:00,insat,45.0,35.16949462890625,3
202206B,2022-12-09 12:15:00,insat,40.0,48.50548553466797,3
202206B,2022-12-09 17:45:00,insat,35.500000000030695,30.476425170898438,3
202207A,2022-12-15 15:15:00,insat,30.0,49.888946533203125,4
202207A,2022-12-15 21:15:00,insat,30.0,34.696929931640625,4
202207A,2022-12-16 03:15:00,insat,30.0,42.559505462646484,4
202207A,2022-12-16 08:45:00,insat,28.181818181831712,35.98003005981445,4
202207A,2022-12-16 15:15:00,insat,25.0,34.62177658081055,4
202207A,2022-12-16 21:15:00,insat,25.0,30.970243453979492,4
202207A,2022-12-17 03:15:00,insat,25.0,32.005279541015625,4
202301B,2023-05-11 08:30:00,insat,45.0,51.48041534423828,1
202301B,2023-05-11 14:30:00,insat,50.0,57.985206604003906,1
202301B,2023-05-12 09:00:00,insat,85.0,95.34837341308594,1
202301B,2023-05-12 15:00:00,insat,90.0,104.34766387939453,1
202301B,2023-05-13 03:00:00,insat,100.0,95.13240051269531,1
202301B,2023-05-13 15:30:00,insat,110.5000000000307,100.36953735351562,1
202302A,2023-06-06 09:00:00,insat,33.0,39.52484893798828,0
202302A,2023-06-06 15:30:00,insat,35.90909090906554,39.7162971496582,0
202302A,2023-06-07 16:00:00,insat,66.49999999998977,31.702774047851562,0
202302A,2023-06-08 03:00:00,insat,75.0,51.82741165161133,0
202302A,2023-06-08 09:00:00,insat,75.0,34.43417739868164,0
202302A,2023-06-08 15:00:00,insat,75.0,31.521717071533203,0
202302A,2023-06-09 03:00:00,insat,70.0,52.89204406738281,0
202303B,2023-06-09 09:00:00,insat,39.99,30.04811668395996,2
202302A,2023-06-09 15:00:00,insat,65.0,45.89324188232422,0
202303B,2023-06-09 15:00:00,insat,37.2,28.911989212036133,2
202302A,2023-06-09 20:30:00,insat,70.0,38.26680374145508,0
202303B,2023-06-09 21:00:00,insat,30.69,41.15660858154297,2
202302A,2023-06-10 03:00:00,insat,75.0,61.86092758178711,0
202303B,2023-06-10 03:10:00,insat,26.040000000000003,29.109668731689453,2
202302A,2023-06-10 14:00:00,insat,80.0,48.720706939697266,0
202302A,2023-06-11 02:00:00,insat,90.0,38.622344970703125,0
202302A,2023-06-11 08:30:00,insat,90.0,55.247066497802734,0
202302A,2023-06-12 02:00:00,insat,90.0,61.24958419799805,0
202302A,2023-06-12 08:00:00,insat,90.0,63.62909698486328,0
202302A,2023-06-12 15:00:00,insat,90.0,85.14735412597656,0
202302A,2023-06-13 15:00:00,insat,85.0,57.6255989074707,0
202302A,2023-06-13 21:00:00,insat,85.0,48.048614501953125,0
202302A,2023-06-14 09:00:00,insat,80.0,49.37757873535156,0
202302A,2023-06-14 15:00:00,insat,70.0,60.56978988647461,0
202302A,2023-06-14 21:00:00,insat,70.0,52.19758224487305,0
202302A,2023-06-15 03:00:00,insat,70.0,45.39110565185547,0
202302A,2023-06-15 09:00:00,insat,65.0,33.49610900878906,0
202304B,2023-08-01 00:00:00,insat,25.0,37.773155212402344,4
202304B,2023-08-01 06:00:00,insat,30.0,35.46018981933594,4
202305A,2023-10-21 15:30:00,insat,66.81818181813108,79.62541961669922,3
202305A,2023-10-21 21:00:00,insat,80.0,87.78959655761719,3
202305A,2023-10-22 03:00:00,insat,95.0,84.24066162109375,3
202305A,2023-10-22 09:00:00,insat,95.0,80.24958801269531,3
202305A,2023-10-22 15:00:00,insat,95.0,79.64399719238281,3
202305A,2023-10-23 15:00:00,insat,70.0,62.6251220703125,3
202306B,2023-10-24 03:00:00,insat,65.0,90.511474609375,1
202306B,2023-10-24 08:30:00,insat,65.0,44.746116638183594,1
202306B,2023-10-24 15:00:00,insat,55.0,47.61823654174805,1
202307B,2023-11-17 00:00:00,insat,35.0,59.52125930786133,3
202307B,2023-11-17 06:00:00,insat,45.0,34.4760856628418,3
202308B,2023-12-03 03:00:00,insat,35.0,30.828954696655273,2
202308B,2023-12-03 09:00:00,insat,35.0,34.19049835205078,2
202308B,2023-12-03 14:30:00,insat,39.090909090858354,34.47052001953125,2
202308B,2023-12-03 20:00:00,insat,45.0,52.23843765258789,2
202308B,2023-12-04 03:00:00,insat,50.0,36.23199462890625,2
202401B,2024-05-25 18:30:00,insat,40.49999999993861,34.40181350708008,0
202401B,2024-05-26 00:00:00,insat,50.0,32.5924186706543,0
202401B,2024-05-26 06:00:00,insat,50.0,47.09700012207031,0
202401B,2024-05-26 12:00:00,insat,60.0,40.038116455078125,0
202402A,2024-08-30 06:00:00,insat,35.0,38.50728988647461,1
202402A,2024-08-30 12:00:00,insat,35.0,36.89971923828125,1
202402A,2024-08-31 00:00:00,insat,40.0,41.382537841796875,1
202402A,2024-08-31 06:00:00,insat,40.0,51.892852783203125,1
202402A,2024-08-31 12:00:00,insat,40.0,49.33608627319336,1
202402A,2024-09-01 00:00:00,insat,40.0,40.9456901550293,1
202402A,2024-09-01 06:00:00,insat,35.0,32.68377685546875,1
202402A,2024-09-01 12:00:00,insat,30.0,36.86284637451172,1
202402A,2024-09-01 22:30:00,insat,22.72727272728964,25.933229446411133,1
202403B,2024-10-23 13:00:00,insat,45.0,48.64659118652344,4
202403B,2024-10-24 00:30:00,insat,55.0,64.83773803710938,4
202403B,2024-10-25 00:30:00,insat,49.090909090858354,56.899566650390625,4
202404B,2024-11-30 09:30:00,insat,44.09090909093446,33.67176055908203,2
202404B,2024-11-30 15:00:00,insat,40.0,32.172950744628906,2
202404B,2024-11-30 21:00:00,insat,35.0,38.84611892700195,2
202501B,2025-10-01 12:00:00,insat,25.0,30.85822105407715,3
202501B,2025-10-02 00:00:00,insat,30.0,39.130088806152344,3
202501B,2025-10-02 06:00:00,insat,30.0,39.700660705566406,3
202502A,2025-10-03 05:30:00,insat,34.090909090858354,45.18451690673828,0
202502A,2025-10-03 12:30:00,insat,40.0,48.93647384643555,0
202502A,2025-10-04 00:00:00,insat,50.0,64.02288055419922,0
202502A,2025-10-04 06:00:00,insat,55.0,58.69775390625,0
202502A,2025-10-04 12:00:00,insat,55.0,54.11027908325195,0
202502A,2025-10-05 05:30:00,insat,60.0,36.23607635498047,0
202502A,2025-10-06 00:00:00,insat,45.0,35.3868522644043,0
202502A,2025-10-06 06:00:00,insat,40.0,23.237642288208008,0
202502A,2025-10-06 12:00:00,insat,35.0,22.371793746948242,0
202502A,2025-10-06 22:30:00,insat,30.0,20.989885330200195,0
202503B,2025-10-27 00:00:00,insat,35.0,29.93820571899414,1
202503B,2025-10-27 06:00:00,insat,40.0,34.105308532714844,1
202503B,2025-10-27 13:00:00,insat,45.0,30.46885108947754,1
202503B,2025-10-27 23:30:00,insat,49.09090909093446,34.30405807495117,1
202503B,2025-10-28 06:00:00,insat,50.0,45.530303955078125,1
202503B,2025-10-28 12:00:00,insat,50.0,35.679691314697266,1
202505B,2025-11-27 09:00:00,insat,35.0,38.47367858886719,1
202505B,2025-11-29 03:00:00,insat,40.0,25.165409088134766,1
202505B,2025-11-29 09:00:00,insat,40.0,29.408935546875,1
202505B,2025-11-29 15:00:00,insat,40.0,25.241710662841797,1
202505B,2025-11-29 21:00:00,insat,40.0,28.29610824584961,1
202505B,2025-11-30 03:00:00,insat,40.0,26.443500518798828,1
202505B,2025-11-30 09:00:00,insat,35.0,25.54831886291504,1
202505B,2025-11-30 15:00:00,insat,30.0,27.57653045654297,1
